Applicant ID,School Name,GPA,Degree,Location,Gender,Veteran status,Work authorization,Disability,Ethnicity,Role 1,Start 1,End 1,Role 2,Start 2,End 2,Role 3,Start 3,End 3
0,Providence University,3.81,Bachelors,Providence,M,0,0,0.0,0.0,Junior SWE,5/20,N/A,N/A,N/A,N/A,N/A,N/A,N/A
1,Providence University,3.81,Bachelors,Providence,M,0,0,0.0,1.0,Junior SWE,5/20,N/A,N/A,N/A,N/A,N/A,N/A,N/A
2,Providence University,3.81,Bachelors,Providence,M,0,0,0.0,N/A,Junior SWE,5/20,N/A,N/A,N/A,N/A,N/A,N/A,N/A
3,Providence University,3.81,Bachelors,Providence,M,0,0,1.0,0.0,Junior SWE,5/20,N/A,N/A,N/A,N/A,N/A,N/A,N/A
4,Providence University,3.81,Bachelors,Providence,M,0,0,1.0,1.0,Junior SWE,5/20,N/A,N/A,N/A,N/A,N/A,N/A,N/A
5,Providence University,3.81,Bachelors,Providence,M,0,0,1.0,N/A,Junior SWE,5/20,N/A,N/A,N/A,N/A,N/A,N/A,N/A
6,Providence University,3.81,Bachelors,Providence,M,0,0,N/A,0.0,Junior SWE,5/20,N/A,N/A,N/A,N/A,N/A,N/A,N/A
7,Providence University,3.81,Bachelors,Providence,M,0,0,N/A,1.0,Junior SWE,5/20,N/A,N/A,N/A,N/A,N/A,N/A,N/A
8,Providence University,3.81,Bachelors,Providence,M,0,0,N/A,N/A,Junior SWE,5/20,N/A,N/A,N/A,N/A,N/A,N/A,N/A
9,Providence University,3.81,Bachelors,Providence,M,0,1,0.0,0.0,Junior SWE,5/20,N/A,N/A,N/A,N/A,N/A,N/A,N/A
10,Providence University,3.81,Bachelors,Providence,M,0,1,0.0,1.0,Junior SWE,5/20,N/A,N/A,N/A,N/A,N/A,N/A,N/A
11,Providence University,3.81,Bachelors,Providence,M,0,1,0.0,N/A,Junior SWE,5/20,N/A,N/A,N/A,N/A,N/A,N/A,N/A
12,Providence University,3.81,Bachelors,Providence,M,0,1,1.0,0.0,Junior SWE,5/20,N/A,N/A,N/A,N/A,N/A,N/A,N/A
13,Providence University,3.81,Bachelors,Providence,M,0,1,1.0,1.0,Junior SWE,5/20,N/A,N/A,N/A,N/A,N/A,N/A,N/A
14,Providence University,3.81,Bachelors,Providence,M,0,1,1.0,N/A,Junior SWE,5/20,N/A,N/A,N/A,N/A,N/A,N/A,N/A
15,Providence University,3.81,Bachelors,Providence,M,0,1,N/A,0.0,Junior SWE,5/20,N/A,N/A,N/A,N/A,N/A,N/A,N/A
16,Providence University,3.81,Bachelors,Providence,M,0,1,N/A,1.0,Junior SWE,5/20,N/A,N/A,N/A,N/A,N/A,N/A,N/A
17,Providence University,3.81,Bachelors,Providence,M,0,1,N/A,N/A,Junior SWE,5/20,N/A,N/A,N/A,N/A,N/A,N/A,N/A
18,Providence University,3.81,Bachelors,Providence,M,1,0,0.0,0.0,Junior SWE,5/20,N/A,N/A,N/A,N/A,N/A,N/A,N/A
19,Providence University,3.81,Bachelors,Providence,M,1,0,0.0,1.0,Junior SWE,5/20,N/A,N/A,N/A,N/A,N/A,N/A,N/A
20,Providence University,3.81,Bachelors,Providence,M,1,0,0.0,N/A,Junior SWE,5/20,N/A,N/A,N/A,N/A,N/A,N/A,N/A
21,Providence University,3.81,Bachelors,Providence,M,1,0,1.0,0.0,Junior SWE,5/20,N/A,N/A,N/A,N/A,N/A,N/A,N/A
22,Providence University,3.81,Bachelors,Providence,M,1,0,1.0,1.0,Junior SWE,5/20,N/A,N/A,N/A,N/A,N/A,N/A,N/A
23,Providence University,3.81,Bachelors,Providence,M,1,0,1.0,N/A,Junior SWE,5/20,N/A,N/A,N/A,N/A,N/A,N/A,N/A
24,Providence University,3.81,Bachelors,Providence,M,1,0,N/A,0.0,Junior SWE,5/20,N/A,N/A,N/A,N/A,N/A,N/A,N/A
25,Providence University,3.81,Bachelors,Providence,M,1,0,N/A,1.0,Junior SWE,5/20,N/A,N/A,N/A,N/A,N/A,N/A,N/A
26,Providence University,3.81,Bachelors,Providence,M,1,0,N/A,N/A,Junior SWE,5/20,N/A,N/A,N/A,N/A,N/A,N/A,N/A
27,Providence University,3.81,Bachelors,Providence,M,1,1,0.0,0.0,Junior SWE,5/20,N/A,N/A,N/A,N/A,N/A,N/A,N/A
28,Providence University,3.81,Bachelors,Providence,M,1,1,0.0,1.0,Junior SWE,5/20,N/A,N/A,N/A,N/A,N/A,N/A,N/A
29,Providence University,3.81,Bachelors,Providence,M,1,1,0.0,N/A,Junior SWE,5/20,N/A,N/A,N/A,N/A,N/A,N/A,N/A
30,Providence University,3.81,Bachelors,Providence,M,1,1,1.0,0.0,Junior SWE,5/20,N/A,N/A,N/A,N/A,N/A,N/A,N/A
31,Providence University,3.81,Bachelors,Providence,M,1,1,1.0,1.0,Junior SWE,5/20,N/A,N/A,N/A,N/A,N/A,N/A,N/A
32,Providence University,3.81,Bachelors,Providence,M,1,1,1.0,N/A,Junior SWE,5/20,N/A,N/A,N/A,N/A,N/A,N/A,N/A
33,Providence University,3.81,Bachelors,Providence,M,1,1,N/A,0.0,Junior SWE,5/20,N/A,N/A,N/A,N/A,N/A,N/A,N/A
34,Providence University,3.81,Bachelors,Providence,M,1,1,N/A,1.0,Junior SWE,5/20,N/A,N/A,N/A,N/A,N/A,N/A,N/A
35,Providence University,3.81,Bachelors,Providence,M,1,1,N/A,N/A,Junior SWE,5/20,N/A,N/A,N/A,N/A,N/A,N/A,N/A
36,Providence University,3.81,Bachelors,Providence,F,0,0,0.0,0.0,Junior SWE,5/20,N/A,N/A,N/A,N/A,N/A,N/A,N/A
37,Providence University,3.81,Bachelors,Providence,F,0,0,0.0,1.0,Junior SWE,5/20,N/A,N/A,N/A,N/A,N/A,N/A,N/A
38,Providence University,3.81,Bachelors,Providence,F,0,0,0.0,N/A,Junior SWE,5/20,N/A,N/A,N/A,N/A,N/A,N/A,N/A
39,Providence University,3.81,Bachelors,Providence,F,0,0,1.0,0.0,Junior SWE,5/20,N/A,N/A,N/A,N/A,N/A,N/A,N/A
40,Providence University,3.81,Bachelors,Providence,F,0,0,1.0,1.0,Junior SWE,5/20,N/A,N/A,N/A,N/A,N/A,N/A,N/A
41,Providence University,3.81,Bachelors,Providence,F,0,0,1.0,N/A,Junior SWE,5/20,N/A,N/A,N/A,N/A,N/A,N/A,N/A
42,Providence University,3.81,Bachelors,Providence,F,0,0,N/A,0.0,Junior SWE,5/20,N/A,N/A,N/A,N/A,N/A,N/A,N/A
43,Providence University,3.81,Bachelors,Providence,F,0,0,N/A,1.0,Junior SWE,5/20,N/A,N/A,N/A,N/A,N/A,N/A,N/A
44,Providence University,3.81,Bachelors,Providence,F,0,0,N/A,N/A,Junior SWE,5/20,N/A,N/A,N/A,N/A,N/A,N/A,N/A
45,Providence University,3.81,Bachelors,Providence,F,0,1,0.0,0.0,Junior SWE,5/20,N/A,N/A,N/A,N/A,N/A,N/A,N/A
46,Providence University,3.81,Bachelors,Providence,F,0,1,0.0,1.0,Junior SWE,5/20,N/A,N/A,N/A,N/A,N/A,N/A,N/A
47,Providence University,3.81,Bachelors,Providence,F,0,1,0.0,N/A,Junior SWE,5/20,N/A,N/A,N/A,N/A,N/A,N/A,N/A
48,Providence University,3.81,Bachelors,Providence,F,0,1,1.0,0.0,Junior SWE,5/20,N/A,N/A,N/A,N/A,N/A,N/A,N/A
49,Providence University,3.81,Bachelors,Providence,F,0,1,1.0,1.0,Junior SWE,5/20,N/A,N/A,N/A,N/A,N/A,N/A,N/A
50,Providence University,3.81,Bachelors,Providence,F,0,1,1.0,N/A,Junior SWE,5/20,N/A,N/A,N/A,N/A,N/A,N/A,N/A
51,Providence University,3.81,Bachelors,Providence,F,0,1,N/A,0.0,Junior SWE,5/20,N/A,N/A,N/A,N/A,N/A,N/A,N/A
52,Providence University,3.81,Bachelors,Providence,F,0,1,N/A,1.0,Junior SWE,5/20,N/A,N/A,N/A,N/A,N/A,N/A,N/A
53,Providence University,3.81,Bachelors,Providence,F,0,1,N/A,N/A,Junior SWE,5/20,N/A,N/A,N/A,N/A,N/A,N/A,N/A
54,Providence University,3.81,Bachelors,Providence,F,1,0,0.0,0.0,Junior SWE,5/20,N/A,N/A,N/A,N/A,N/A,N/A,N/A
55,Providence University,3.81,Bachelors,Providence,F,1,0,0.0,1.0,Junior SWE,5/20,N/A,N/A,N/A,N/A,N/A,N/A,N/A
56,Providence University,3.81,Bachelors,Providence,F,1,0,0.0,N/A,Junior SWE,5/20,N/A,N/A,N/A,N/A,N/A,N/A,N/A
57,Providence University,3.81,Bachelors,Providence,F,1,0,1.0,0.0,Junior SWE,5/20,N/A,N/A,N/A,N/A,N/A,N/A,N/A
58,Providence University,3.81,Bachelors,Providence,F,1,0,1.0,1.0,Junior SWE,5/20,N/A,N/A,N/A,N/A,N/A,N/A,N/A
59,Providence University,3.81,Bachelors,Providence,F,1,0,1.0,N/A,Junior SWE,5/20,N/A,N/A,N/A,N/A,N/A,N/A,N/A
60,Providence University,3.81,Bachelors,Providence,F,1,0,N/A,0.0,Junior SWE,5/20,N/A,N/A,N/A,N/A,N/A,N/A,N/A
61,Providence University,3.81,Bachelors,Providence,F,1,0,N/A,1.0,Junior SWE,5/20,N/A,N/A,N/A,N/A,N/A,N/A,N/A
62,Providence University,3.81,Bachelors,Providence,F,1,0,N/A,N/A,Junior SWE,5/20,N/A,N/A,N/A,N/A,N/A,N/A,N/A
63,Providence University,3.81,Bachelors,Providence,F,1,1,0.0,0.0,Junior SWE,5/20,N/A,N/A,N/A,N/A,N/A,N/A,N/A
64,Providence University,3.81,Bachelors,Providence,F,1,1,0.0,1.0,Junior SWE,5/20,N/A,N/A,N/A,N/A,N/A,N/A,N/A
65,Providence University,3.81,Bachelors,Providence,F,1,1,0.0,N/A,Junior SWE,5/20,N/A,N/A,N/A,N/A,N/A,N/A,N/A
66,Providence University,3.81,Bachelors,Providence,F,1,1,1.0,0.0,Junior SWE,5/20,N/A,N/A,N/A,N/A,N/A,N/A,N/A
67,Providence University,3.81,Bachelors,Providence,F,1,1,1.0,1.0,Junior SWE,5/20,N/A,N/A,N/A,N/A,N/A,N/A,N/A
68,Providence University,3.81,Bachelors,Providence,F,1,1,1.0,N/A,Junior SWE,5/20,N/A,N/A,N/A,N/A,N/A,N/A,N/A
69,Providence University,3.81,Bachelors,Providence,F,1,1,N/A,0.0,Junior SWE,5/20,N/A,N/A,N/A,N/A,N/A,N/A,N/A
70,Providence University,3.81,Bachelors,Providence,F,1,1,N/A,1.0,Junior SWE,5/20,N/A,N/A,N/A,N/A,N/A,N/A,N/A
71,Providence University,3.81,Bachelors,Providence,F,1,1,N/A,N/A,Junior SWE,5/20,N/A,N/A,N/A,N/A,N/A,N/A,N/A
72,Providence University,3.81,Bachelors,Providence,N/A,0,0,0.0,0.0,Junior SWE,5/20,N/A,N/A,N/A,N/A,N/A,N/A,N/A
73,Providence University,3.81,Bachelors,Providence,N/A,0,0,0.0,1.0,Junior SWE,5/20,N/A,N/A,N/A,N/A,N/A,N/A,N/A
74,Providence University,3.81,Bachelors,Providence,N/A,0,0,0.0,N/A,Junior SWE,5/20,N/A,N/A,N/A,N/A,N/A,N/A,N/A
75,Providence University,3.81,Bachelors,Providence,N/A,0,0,1.0,0.0,Junior SWE,5/20,N/A,N/A,N/A,N/A,N/A,N/A,N/A
76,Providence University,3.81,Bachelors,Providence,N/A,0,0,1.0,1.0,Junior SWE,5/20,N/A,N/A,N/A,N/A,N/A,N/A,N/A
77,Providence University,3.81,Bachelors,Providence,N/A,0,0,1.0,N/A,Junior SWE,5/20,N/A,N/A,N/A,N/A,N/A,N/A,N/A
78,Providence University,3.81,Bachelors,Providence,N/A,0,0,N/A,0.0,Junior SWE,5/20,N/A,N/A,N/A,N/A,N/A,N/A,N/A
79,Providence University,3.81,Bachelors,Providence,N/A,0,0,N/A,1.0,Junior SWE,5/20,N/A,N/A,N/A,N/A,N/A,N/A,N/A
80,Providence University,3.81,Bachelors,Providence,N/A,0,0,N/A,N/A,Junior SWE,5/20,N/A,N/A,N/A,N/A,N/A,N/A,N/A
81,Providence University,3.81,Bachelors,Providence,N/A,0,1,0.0,0.0,Junior SWE,5/20,N/A,N/A,N/A,N/A,N/A,N/A,N/A
82,Providence University,3.81,Bachelors,Providence,N/A,0,1,0.0,1.0,Junior SWE,5/20,N/A,N/A,N/A,N/A,N/A,N/A,N/A
83,Providence University,3.81,Bachelors,Providence,N/A,0,1,0.0,N/A,Junior SWE,5/20,N/A,N/A,N/A,N/A,N/A,N/A,N/A
84,Providence University,3.81,Bachelors,Providence,N/A,0,1,1.0,0.0,Junior SWE,5/20,N/A,N/A,N/A,N/A,N/A,N/A,N/A
85,Providence University,3.81,Bachelors,Providence,N/A,0,1,1.0,1.0,Junior SWE,5/20,N/A,N/A,N/A,N/A,N/A,N/A,N/A
86,Providence University,3.81,Bachelors,Providence,N/A,0,1,1.0,N/A,Junior SWE,5/20,N/A,N/A,N/A,N/A,N/A,N/A,N/A
87,Providence University,3.81,Bachelors,Providence,N/A,0,1,N/A,0.0,Junior SWE,5/20,N/A,N/A,N/A,N/A,N/A,N/A,N/A
88,Providence University,3.81,Bachelors,Providence,N/A,0,1,N/A,1.0,Junior SWE,5/20,N/A,N/A,N/A,N/A,N/A,N/A,N/A
89,Providence University,3.81,Bachelors,Providence,N/A,0,1,N/A,N/A,Junior SWE,5/20,N/A,N/A,N/A,N/A,N/A,N/A,N/A
90,Providence University,3.81,Bachelors,Providence,N/A,1,0,0.0,0.0,Junior SWE,5/20,N/A,N/A,N/A,N/A,N/A,N/A,N/A
91,Providence University,3.81,Bachelors,Providence,N/A,1,0,0.0,1.0,Junior SWE,5/20,N/A,N/A,N/A,N/A,N/A,N/A,N/A
92,Providence University,3.81,Bachelors,Providence,N/A,1,0,0.0,N/A,Junior SWE,5/20,N/A,N/A,N/A,N/A,N/A,N/A,N/A
93,Providence University,3.81,Bachelors,Providence,N/A,1,0,1.0,0.0,Junior SWE,5/20,N/A,N/A,N/A,N/A,N/A,N/A,N/A
94,Providence University,3.81,Bachelors,Providence,N/A,1,0,1.0,1.0,Junior SWE,5/20,N/A,N/A,N/A,N/A,N/A,N/A,N/A
95,Providence University,3.81,Bachelors,Providence,N/A,1,0,1.0,N/A,Junior SWE,5/20,N/A,N/A,N/A,N/A,N/A,N/A,N/A
96,Providence University,3.81,Bachelors,Providence,N/A,1,0,N/A,0.0,Junior SWE,5/20,N/A,N/A,N/A,N/A,N/A,N/A,N/A
97,Providence University,3.81,Bachelors,Providence,N/A,1,0,N/A,1.0,Junior SWE,5/20,N/A,N/A,N/A,N/A,N/A,N/A,N/A
98,Providence University,3.81,Bachelors,Providence,N/A,1,0,N/A,N/A,Junior SWE,5/20,N/A,N/A,N/A,N/A,N/A,N/A,N/A
99,Providence University,3.81,Bachelors,Providence,N/A,1,1,0.0,0.0,Junior SWE,5/20,N/A,N/A,N/A,N/A,N/A,N/A,N/A
100,Providence University,3.81,Bachelors,Providence,N/A,1,1,0.0,1.0,Junior SWE,5/20,N/A,N/A,N/A,N/A,N/A,N/A,N/A
101,Providence University,3.81,Bachelors,Providence,N/A,1,1,0.0,N/A,Junior SWE,5/20,N/A,N/A,N/A,N/A,N/A,N/A,N/A
102,Providence University,3.81,Bachelors,Providence,N/A,1,1,1.0,0.0,Junior SWE,5/20,N/A,N/A,N/A,N/A,N/A,N/A,N/A
103,Providence University,3.81,Bachelors,Providence,N/A,1,1,1.0,1.0,Junior SWE,5/20,N/A,N/A,N/A,N/A,N/A,N/A,N/A
104,Providence University,3.81,Bachelors,Providence,N/A,1,1,1.0,N/A,Junior SWE,5/20,N/A,N/A,N/A,N/A,N/A,N/A,N/A
105,Providence University,3.81,Bachelors,Providence,N/A,1,1,N/A,0.0,Junior SWE,5/20,N/A,N/A,N/A,N/A,N/A,N/A,N/A
106,Providence University,3.81,Bachelors,Providence,N/A,1,1,N/A,1.0,Junior SWE,5/20,N/A,N/A,N/A,N/A,N/A,N/A,N/A
107,Providence University,3.81,Bachelors,Providence,N/A,1,1,N/A,N/A,Junior SWE,5/20,N/A,N/A,N/A,N/A,N/A,N/A,N/A
108,Providence State University,3.62,Phd,Boston,M,0,0,0.0,0.0,Senior SWE,2/23,N/A,Junior SWE,2/23,5/20,Research Assistant,2/18,5/20
109,Providence State University,3.62,Phd,Boston,M,0,0,0.0,1.0,Senior SWE,2/23,N/A,Junior SWE,2/23,5/20,Research Assistant,2/18,5/20
110,Providence State University,3.62,Phd,Boston,M,0,0,0.0,N/A,Senior SWE,2/23,N/A,Junior SWE,2/23,5/20,Research Assistant,2/18,5/20
111,Providence State University,3.62,Phd,Boston,M,0,0,1.0,0.0,Senior SWE,2/23,N/A,Junior SWE,2/23,5/20,Research Assistant,2/18,5/20
112,Providence State University,3.62,Phd,Boston,M,0,0,1.0,1.0,Senior SWE,2/23,N/A,Junior SWE,2/23,5/20,Research Assistant,2/18,5/20
113,Providence State University,3.62,Phd,Boston,M,0,0,1.0,N/A,Senior SWE,2/23,N/A,Junior SWE,2/23,5/20,Research Assistant,2/18,5/20
114,Providence State University,3.62,Phd,Boston,M,0,0,N/A,0.0,Senior SWE,2/23,N/A,Junior SWE,2/23,5/20,Research Assistant,2/18,5/20
115,Providence State University,3.62,Phd,Boston,M,0,0,N/A,1.0,Senior SWE,2/23,N/A,Junior SWE,2/23,5/20,Research Assistant,2/18,5/20
116,Providence State University,3.62,Phd,Boston,M,0,0,N/A,N/A,Senior SWE,2/23,N/A,Junior SWE,2/23,5/20,Research Assistant,2/18,5/20
117,Providence State University,3.62,Phd,Boston,M,0,1,0.0,0.0,Senior SWE,2/23,N/A,Junior SWE,2/23,5/20,Research Assistant,2/18,5/20
118,Providence State University,3.62,Phd,Boston,M,0,1,0.0,1.0,Senior SWE,2/23,N/A,Junior SWE,2/23,5/20,Research Assistant,2/18,5/20
119,Providence State University,3.62,Phd,Boston,M,0,1,0.0,N/A,Senior SWE,2/23,N/A,Junior SWE,2/23,5/20,Research Assistant,2/18,5/20
120,Providence State University,3.62,Phd,Boston,M,0,1,1.0,0.0,Senior SWE,2/23,N/A,Junior SWE,2/23,5/20,Research Assistant,2/18,5/20
121,Providence State University,3.62,Phd,Boston,M,0,1,1.0,1.0,Senior SWE,2/23,N/A,Junior SWE,2/23,5/20,Research Assistant,2/18,5/20
122,Providence State University,3.62,Phd,Boston,M,0,1,1.0,N/A,Senior SWE,2/23,N/A,Junior SWE,2/23,5/20,Research Assistant,2/18,5/20
123,Providence State University,3.62,Phd,Boston,M,0,1,N/A,0.0,Senior SWE,2/23,N/A,Junior SWE,2/23,5/20,Research Assistant,2/18,5/20
124,Providence State University,3.62,Phd,Boston,M,0,1,N/A,1.0,Senior SWE,2/23,N/A,Junior SWE,2/23,5/20,Research Assistant,2/18,5/20
125,Providence State University,3.62,Phd,Boston,M,0,1,N/A,N/A,Senior SWE,2/23,N/A,Junior SWE,2/23,5/20,Research Assistant,2/18,5/20
126,Providence State University,3.62,Phd,Boston,M,1,0,0.0,0.0,Senior SWE,2/23,N/A,Junior SWE,2/23,5/20,Research Assistant,2/18,5/20
127,Providence State University,3.62,Phd,Boston,M,1,0,0.0,1.0,Senior SWE,2/23,N/A,Junior SWE,2/23,5/20,Research Assistant,2/18,5/20
128,Providence State University,3.62,Phd,Boston,M,1,0,0.0,N/A,Senior SWE,2/23,N/A,Junior SWE,2/23,5/20,Research Assistant,2/18,5/20
129,Providence State University,3.62,Phd,Boston,M,1,0,1.0,0.0,Senior SWE,2/23,N/A,Junior SWE,2/23,5/20,Research Assistant,2/18,5/20
130,Providence State University,3.62,Phd,Boston,M,1,0,1.0,1.0,Senior SWE,2/23,N/A,Junior SWE,2/23,5/20,Research Assistant,2/18,5/20
131,Providence State University,3.62,Phd,Boston,M,1,0,1.0,N/A,Senior SWE,2/23,N/A,Junior SWE,2/23,5/20,Research Assistant,2/18,5/20
132,Providence State University,3.62,Phd,Boston,M,1,0,N/A,0.0,Senior SWE,2/23,N/A,Junior SWE,2/23,5/20,Research Assistant,2/18,5/20
133,Providence State University,3.62,Phd,Boston,M,1,0,N/A,1.0,Senior SWE,2/23,N/A,Junior SWE,2/23,5/20,Research Assistant,2/18,5/20
134,Providence State University,3.62,Phd,Boston,M,1,0,N/A,N/A,Senior SWE,2/23,N/A,Junior SWE,2/23,5/20,Research Assistant,2/18,5/20
135,Providence State University,3.62,Phd,Boston,M,1,1,0.0,0.0,Senior SWE,2/23,N/A,Junior SWE,2/23,5/20,Research Assistant,2/18,5/20
136,Providence State University,3.62,Phd,Boston,M,1,1,0.0,1.0,Senior SWE,2/23,N/A,Junior SWE,2/23,5/20,Research Assistant,2/18,5/20
137,Providence State University,3.62,Phd,Boston,M,1,1,0.0,N/A,Senior SWE,2/23,N/A,Junior SWE,2/23,5/20,Research Assistant,2/18,5/20
138,Providence State University,3.62,Phd,Boston,M,1,1,1.0,0.0,Senior SWE,2/23,N/A,Junior SWE,2/23,5/20,Research Assistant,2/18,5/20
139,Providence State University,3.62,Phd,Boston,M,1,1,1.0,1.0,Senior SWE,2/23,N/A,Junior SWE,2/23,5/20,Research Assistant,2/18,5/20
140,Providence State University,3.62,Phd,Boston,M,1,1,1.0,N/A,Senior SWE,2/23,N/A,Junior SWE,2/23,5/20,Research Assistant,2/18,5/20
141,Providence State University,3.62,Phd,Boston,M,1,1,N/A,0.0,Senior SWE,2/23,N/A,Junior SWE,2/23,5/20,Research Assistant,2/18,5/20
142,Providence State University,3.62,Phd,Boston,M,1,1,N/A,1.0,Senior SWE,2/23,N/A,Junior SWE,2/23,5/20,Research Assistant,2/18,5/20
143,Providence State University,3.62,Phd,Boston,M,1,1,N/A,N/A,Senior SWE,2/23,N/A,Junior SWE,2/23,5/20,Research Assistant,2/18,5/20
144,Providence State University,3.62,Phd,Boston,F,0,0,0.0,0.0,Senior SWE,2/23,N/A,Junior SWE,2/23,5/20,Research Assistant,2/18,5/20
145,Providence State University,3.62,Phd,Boston,F,0,0,0.0,1.0,Senior SWE,2/23,N/A,Junior SWE,2/23,5/20,Research Assistant,2/18,5/20
146,Providence State University,3.62,Phd,Boston,F,0,0,0.0,N/A,Senior SWE,2/23,N/A,Junior SWE,2/23,5/20,Research Assistant,2/18,5/20
147,Providence State University,3.62,Phd,Boston,F,0,0,1.0,0.0,Senior SWE,2/23,N/A,Junior SWE,2/23,5/20,Research Assistant,2/18,5/20
148,Providence State University,3.62,Phd,Boston,F,0,0,1.0,1.0,Senior SWE,2/23,N/A,Junior SWE,2/23,5/20,Research Assistant,2/18,5/20
149,Providence State University,3.62,Phd,Boston,F,0,0,1.0,N/A,Senior SWE,2/23,N/A,Junior SWE,2/23,5/20,Research Assistant,2/18,5/20
150,Providence State University,3.62,Phd,Boston,F,0,0,N/A,0.0,Senior SWE,2/23,N/A,Junior SWE,2/23,5/20,Research Assistant,2/18,5/20
151,Providence State University,3.62,Phd,Boston,F,0,0,N/A,1.0,Senior SWE,2/23,N/A,Junior SWE,2/23,5/20,Research Assistant,2/18,5/20
152,Providence State University,3.62,Phd,Boston,F,0,0,N/A,N/A,Senior SWE,2/23,N/A,Junior SWE,2/23,5/20,Research Assistant,2/18,5/20
153,Providence State University,3.62,Phd,Boston,F,0,1,0.0,0.0,Senior SWE,2/23,N/A,Junior SWE,2/23,5/20,Research Assistant,2/18,5/20
154,Providence State University,3.62,Phd,Boston,F,0,1,0.0,1.0,Senior SWE,2/23,N/A,Junior SWE,2/23,5/20,Research Assistant,2/18,5/20
155,Providence State University,3.62,Phd,Boston,F,0,1,0.0,N/A,Senior SWE,2/23,N/A,Junior SWE,2/23,5/20,Research Assistant,2/18,5/20
156,Providence State University,3.62,Phd,Boston,F,0,1,1.0,0.0,Senior SWE,2/23,N/A,Junior SWE,2/23,5/20,Research Assistant,2/18,5/20
157,Providence State University,3.62,Phd,Boston,F,0,1,1.0,1.0,Senior SWE,2/23,N/A,Junior SWE,2/23,5/20,Research Assistant,2/18,5/20
158,Providence State University,3.62,Phd,Boston,F,0,1,1.0,N/A,Senior SWE,2/23,N/A,Junior SWE,2/23,5/20,Research Assistant,2/18,5/20
159,Providence State University,3.62,Phd,Boston,F,0,1,N/A,0.0,Senior SWE,2/23,N/A,Junior SWE,2/23,5/20,Research Assistant,2/18,5/20
160,Providence State University,3.62,Phd,Boston,F,0,1,N/A,1.0,Senior SWE,2/23,N/A,Junior SWE,2/23,5/20,Research Assistant,2/18,5/20
161,Providence State University,3.62,Phd,Boston,F,0,1,N/A,N/A,Senior SWE,2/23,N/A,Junior SWE,2/23,5/20,Research Assistant,2/18,5/20
162,Providence State University,3.62,Phd,Boston,F,1,0,0.0,0.0,Senior SWE,2/23,N/A,Junior SWE,2/23,5/20,Research Assistant,2/18,5/20
163,Providence State University,3.62,Phd,Boston,F,1,0,0.0,1.0,Senior SWE,2/23,N/A,Junior SWE,2/23,5/20,Research Assistant,2/18,5/20
164,Providence State University,3.62,Phd,Boston,F,1,0,0.0,N/A,Senior SWE,2/23,N/A,Junior SWE,2/23,5/20,Research Assistant,2/18,5/20
165,Providence State University,3.62,Phd,Boston,F,1,0,1.0,0.0,Senior SWE,2/23,N/A,Junior SWE,2/23,5/20,Research Assistant,2/18,5/20
166,Providence State University,3.62,Phd,Boston,F,1,0,1.0,1.0,Senior SWE,2/23,N/A,Junior SWE,2/23,5/20,Research Assistant,2/18,5/20
167,Providence State University,3.62,Phd,Boston,F,1,0,1.0,N/A,Senior SWE,2/23,N/A,Junior SWE,2/23,5/20,Research Assistant,2/18,5/20
168,Providence State University,3.62,Phd,Boston,F,1,0,N/A,0.0,Senior SWE,2/23,N/A,Junior SWE,2/23,5/20,Research Assistant,2/18,5/20
169,Providence State University,3.62,Phd,Boston,F,1,0,N/A,1.0,Senior SWE,2/23,N/A,Junior SWE,2/23,5/20,Research Assistant,2/18,5/20
170,Providence State University,3.62,Phd,Boston,F,1,0,N/A,N/A,Senior SWE,2/23,N/A,Junior SWE,2/23,5/20,Research Assistant,2/18,5/20
171,Providence State University,3.62,Phd,Boston,F,1,1,0.0,0.0,Senior SWE,2/23,N/A,Junior SWE,2/23,5/20,Research Assistant,2/18,5/20
172,Providence State University,3.62,Phd,Boston,F,1,1,0.0,1.0,Senior SWE,2/23,N/A,Junior SWE,2/23,5/20,Research Assistant,2/18,5/20
173,Providence State University,3.62,Phd,Boston,F,1,1,0.0,N/A,Senior SWE,2/23,N/A,Junior SWE,2/23,5/20,Research Assistant,2/18,5/20
174,Providence State University,3.62,Phd,Boston,F,1,1,1.0,0.0,Senior SWE,2/23,N/A,Junior SWE,2/23,5/20,Research Assistant,2/18,5/20
175,Providence State University,3.62,Phd,Boston,F,1,1,1.0,1.0,Senior SWE,2/23,N/A,Junior SWE,2/23,5/20,Research Assistant,2/18,5/20
176,Providence State University,3.62,Phd,Boston,F,1,1,1.0,N/A,Senior SWE,2/23,N/A,Junior SWE,2/23,5/20,Research Assistant,2/18,5/20
177,Providence State University,3.62,Phd,Boston,F,1,1,N/A,0.0,Senior SWE,2/23,N/A,Junior SWE,2/23,5/20,Research Assistant,2/18,5/20
178,Providence State University,3.62,Phd,Boston,F,1,1,N/A,1.0,Senior SWE,2/23,N/A,Junior SWE,2/23,5/20,Research Assistant,2/18,5/20
179,Providence State University,3.62,Phd,Boston,F,1,1,N/A,N/A,Senior SWE,2/23,N/A,Junior SWE,2/23,5/20,Research Assistant,2/18,5/20
180,Providence State University,3.62,Phd,Boston,N/A,0,0,0.0,0.0,Senior SWE,2/23,N/A,Junior SWE,2/23,5/20,Research Assistant,2/18,5/20
181,Providence State University,3.62,Phd,Boston,N/A,0,0,0.0,1.0,Senior SWE,2/23,N/A,Junior SWE,2/23,5/20,Research Assistant,2/18,5/20
182,Providence State University,3.62,Phd,Boston,N/A,0,0,0.0,N/A,Senior SWE,2/23,N/A,Junior SWE,2/23,5/20,Research Assistant,2/18,5/20
183,Providence State University,3.62,Phd,Boston,N/A,0,0,1.0,0.0,Senior SWE,2/23,N/A,Junior SWE,2/23,5/20,Research Assistant,2/18,5/20
184,Providence State University,3.62,Phd,Boston,N/A,0,0,1.0,1.0,Senior SWE,2/23,N/A,Junior SWE,2/23,5/20,Research Assistant,2/18,5/20
185,Providence State University,3.62,Phd,Boston,N/A,0,0,1.0,N/A,Senior SWE,2/23,N/A,Junior SWE,2/23,5/20,Research Assistant,2/18,5/20
186,Providence State University,3.62,Phd,Boston,N/A,0,0,N/A,0.0,Senior SWE,2/23,N/A,Junior SWE,2/23,5/20,Research Assistant,2/18,5/20
187,Providence State University,3.62,Phd,Boston,N/A,0,0,N/A,1.0,Senior SWE,2/23,N/A,Junior SWE,2/23,5/20,Research Assistant,2/18,5/20
188,Providence State University,3.62,Phd,Boston,N/A,0,0,N/A,N/A,Senior SWE,2/23,N/A,Junior SWE,2/23,5/20,Research Assistant,2/18,5/20
189,Providence State University,3.62,Phd,Boston,N/A,0,1,0.0,0.0,Senior SWE,2/23,N/A,Junior SWE,2/23,5/20,Research Assistant,2/18,5/20
190,Providence State University,3.62,Phd,Boston,N/A,0,1,0.0,1.0,Senior SWE,2/23,N/A,Junior SWE,2/23,5/20,Research Assistant,2/18,5/20
191,Providence State University,3.62,Phd,Boston,N/A,0,1,0.0,N/A,Senior SWE,2/23,N/A,Junior SWE,2/23,5/20,Research Assistant,2/18,5/20
192,Providence State University,3.62,Phd,Boston,N/A,0,1,1.0,0.0,Senior SWE,2/23,N/A,Junior SWE,2/23,5/20,Research Assistant,2/18,5/20
193,Providence State University,3.62,Phd,Boston,N/A,0,1,1.0,1.0,Senior SWE,2/23,N/A,Junior SWE,2/23,5/20,Research Assistant,2/18,5/20
194,Providence State University,3.62,Phd,Boston,N/A,0,1,1.0,N/A,Senior SWE,2/23,N/A,Junior SWE,2/23,5/20,Research Assistant,2/18,5/20
195,Providence State University,3.62,Phd,Boston,N/A,0,1,N/A,0.0,Senior SWE,2/23,N/A,Junior SWE,2/23,5/20,Research Assistant,2/18,5/20
196,Providence State University,3.62,Phd,Boston,N/A,0,1,N/A,1.0,Senior SWE,2/23,N/A,Junior SWE,2/23,5/20,Research Assistant,2/18,5/20
197,Providence State University,3.62,Phd,Boston,N/A,0,1,N/A,N/A,Senior SWE,2/23,N/A,Junior SWE,2/23,5/20,Research Assistant,2/18,5/20
198,Providence State University,3.62,Phd,Boston,N/A,1,0,0.0,0.0,Senior SWE,2/23,N/A,Junior SWE,2/23,5/20,Research Assistant,2/18,5/20
199,Providence State University,3.62,Phd,Boston,N/A,1,0,0.0,1.0,Senior SWE,2/23,N/A,Junior SWE,2/23,5/20,Research Assistant,2/18,5/20
200,Providence State University,3.62,Phd,Boston,N/A,1,0,0.0,N/A,Senior SWE,2/23,N/A,Junior SWE,2/23,5/20,Research Assistant,2/18,5/20
201,Providence State University,3.62,Phd,Boston,N/A,1,0,1.0,0.0,Senior SWE,2/23,N/A,Junior SWE,2/23,5/20,Research Assistant,2/18,5/20
202,Providence State University,3.62,Phd,Boston,N/A,1,0,1.0,1.0,Senior SWE,2/23,N/A,Junior SWE,2/23,5/20,Research Assistant,2/18,5/20
203,Providence State University,3.62,Phd,Boston,N/A,1,0,1.0,N/A,Senior SWE,2/23,N/A,Junior SWE,2/23,5/20,Research Assistant,2/18,5/20
204,Providence State University,3.62,Phd,Boston,N/A,1,0,N/A,0.0,Senior SWE,2/23,N/A,Junior SWE,2/23,5/20,Research Assistant,2/18,5/20
205,Providence State University,3.62,Phd,Boston,N/A,1,0,N/A,1.0,Senior SWE,2/23,N/A,Junior SWE,2/23,5/20,Research Assistant,2/18,5/20
206,Providence State University,3.62,Phd,Boston,N/A,1,0,N/A,N/A,Senior SWE,2/23,N/A,Junior SWE,2/23,5/20,Research Assistant,2/18,5/20
207,Providence State University,3.62,Phd,Boston,N/A,1,1,0.0,0.0,Senior SWE,2/23,N/A,Junior SWE,2/23,5/20,Research Assistant,2/18,5/20
208,Providence State University,3.62,Phd,Boston,N/A,1,1,0.0,1.0,Senior SWE,2/23,N/A,Junior SWE,2/23,5/20,Research Assistant,2/18,5/20
209,Providence State University,3.62,Phd,Boston,N/A,1,1,0.0,N/A,Senior SWE,2/23,N/A,Junior SWE,2/23,5/20,Research Assistant,2/18,5/20
210,Providence State University,3.62,Phd,Boston,N/A,1,1,1.0,0.0,Senior SWE,2/23,N/A,Junior SWE,2/23,5/20,Research Assistant,2/18,5/20
211,Providence State University,3.62,Phd,Boston,N/A,1,1,1.0,1.0,Senior SWE,2/23,N/A,Junior SWE,2/23,5/20,Research Assistant,2/18,5/20
212,Providence State University,3.62,Phd,Boston,N/A,1,1,1.0,N/A,Senior SWE,2/23,N/A,Junior SWE,2/23,5/20,Research Assistant,2/18,5/20
213,Providence State University,3.62,Phd,Boston,N/A,1,1,N/A,0.0,Senior SWE,2/23,N/A,Junior SWE,2/23,5/20,Research Assistant,2/18,5/20
214,Providence State University,3.62,Phd,Boston,N/A,1,1,N/A,1.0,Senior SWE,2/23,N/A,Junior SWE,2/23,5/20,Research Assistant,2/18,5/20
215,Providence State University,3.62,Phd,Boston,N/A,1,1,N/A,N/A,Senior SWE,2/23,N/A,Junior SWE,2/23,5/20,Research Assistant,2/18,5/20
216,State Providence College,3.45,Bachelors,Los Angeles,M,0,0,0.0,0.0,Data scientist,3/19,N/A,N/A,N/A,N/A,N/A,N/A,N/A
217,State Providence College,3.45,Bachelors,Los Angeles,M,0,0,0.0,1.0,Data scientist,3/19,N/A,N/A,N/A,N/A,N/A,N/A,N/A
218,State Providence College,3.45,Bachelors,Los Angeles,M,0,0,0.0,N/A,Data scientist,3/19,N/A,N/A,N/A,N/A,N/A,N/A,N/A
219,State Providence College,3.45,Bachelors,Los Angeles,M,0,0,1.0,0.0,Data scientist,3/19,N/A,N/A,N/A,N/A,N/A,N/A,N/A
220,State Providence College,3.45,Bachelors,Los Angeles,M,0,0,1.0,1.0,Data scientist,3/19,N/A,N/A,N/A,N/A,N/A,N/A,N/A
221,State Providence College,3.45,Bachelors,Los Angeles,M,0,0,1.0,N/A,Data scientist,3/19,N/A,N/A,N/A,N/A,N/A,N/A,N/A
222,State Providence College,3.45,Bachelors,Los Angeles,M,0,0,N/A,0.0,Data scientist,3/19,N/A,N/A,N/A,N/A,N/A,N/A,N/A
223,State Providence College,3.45,Bachelors,Los Angeles,M,0,0,N/A,1.0,Data scientist,3/19,N/A,N/A,N/A,N/A,N/A,N/A,N/A
224,State Providence College,3.45,Bachelors,Los Angeles,M,0,0,N/A,N/A,Data scientist,3/19,N/A,N/A,N/A,N/A,N/A,N/A,N/A
225,State Providence College,3.45,Bachelors,Los Angeles,M,0,1,0.0,0.0,Data scientist,3/19,N/A,N/A,N/A,N/A,N/A,N/A,N/A
226,State Providence College,3.45,Bachelors,Los Angeles,M,0,1,0.0,1.0,Data scientist,3/19,N/A,N/A,N/A,N/A,N/A,N/A,N/A
227,State Providence College,3.45,Bachelors,Los Angeles,M,0,1,0.0,N/A,Data scientist,3/19,N/A,N/A,N/A,N/A,N/A,N/A,N/A
228,State Providence College,3.45,Bachelors,Los Angeles,M,0,1,1.0,0.0,Data scientist,3/19,N/A,N/A,N/A,N/A,N/A,N/A,N/A
229,State Providence College,3.45,Bachelors,Los Angeles,M,0,1,1.0,1.0,Data scientist,3/19,N/A,N/A,N/A,N/A,N/A,N/A,N/A
230,State Providence College,3.45,Bachelors,Los Angeles,M,0,1,1.0,N/A,Data scientist,3/19,N/A,N/A,N/A,N/A,N/A,N/A,N/A
231,State Providence College,3.45,Bachelors,Los Angeles,M,0,1,N/A,0.0,Data scientist,3/19,N/A,N/A,N/A,N/A,N/A,N/A,N/A
232,State Providence College,3.45,Bachelors,Los Angeles,M,0,1,N/A,1.0,Data scientist,3/19,N/A,N/A,N/A,N/A,N/A,N/A,N/A
233,State Providence College,3.45,Bachelors,Los Angeles,M,0,1,N/A,N/A,Data scientist,3/19,N/A,N/A,N/A,N/A,N/A,N/A,N/A
234,State Providence College,3.45,Bachelors,Los Angeles,M,1,0,0.0,0.0,Data scientist,3/19,N/A,N/A,N/A,N/A,N/A,N/A,N/A
235,State Providence College,3.45,Bachelors,Los Angeles,M,1,0,0.0,1.0,Data scientist,3/19,N/A,N/A,N/A,N/A,N/A,N/A,N/A
236,State Providence College,3.45,Bachelors,Los Angeles,M,1,0,0.0,N/A,Data scientist,3/19,N/A,N/A,N/A,N/A,N/A,N/A,N/A
237,State Providence College,3.45,Bachelors,Los Angeles,M,1,0,1.0,0.0,Data scientist,3/19,N/A,N/A,N/A,N/A,N/A,N/A,N/A
238,State Providence College,3.45,Bachelors,Los Angeles,M,1,0,1.0,1.0,Data scientist,3/19,N/A,N/A,N/A,N/A,N/A,N/A,N/A
239,State Providence College,3.45,Bachelors,Los Angeles,M,1,0,1.0,N/A,Data scientist,3/19,N/A,N/A,N/A,N/A,N/A,N/A,N/A
240,State Providence College,3.45,Bachelors,Los Angeles,M,1,0,N/A,0.0,Data scientist,3/19,N/A,N/A,N/A,N/A,N/A,N/A,N/A
241,State Providence College,3.45,Bachelors,Los Angeles,M,1,0,N/A,1.0,Data scientist,3/19,N/A,N/A,N/A,N/A,N/A,N/A,N/A
242,State Providence College,3.45,Bachelors,Los Angeles,M,1,0,N/A,N/A,Data scientist,3/19,N/A,N/A,N/A,N/A,N/A,N/A,N/A
243,State Providence College,3.45,Bachelors,Los Angeles,M,1,1,0.0,0.0,Data scientist,3/19,N/A,N/A,N/A,N/A,N/A,N/A,N/A
244,State Providence College,3.45,Bachelors,Los Angeles,M,1,1,0.0,1.0,Data scientist,3/19,N/A,N/A,N/A,N/A,N/A,N/A,N/A
245,State Providence College,3.45,Bachelors,Los Angeles,M,1,1,0.0,N/A,Data scientist,3/19,N/A,N/A,N/A,N/A,N/A,N/A,N/A
246,State Providence College,3.45,Bachelors,Los Angeles,M,1,1,1.0,0.0,Data scientist,3/19,N/A,N/A,N/A,N/A,N/A,N/A,N/A
247,State Providence College,3.45,Bachelors,Los Angeles,M,1,1,1.0,1.0,Data scientist,3/19,N/A,N/A,N/A,N/A,N/A,N/A,N/A
248,State Providence College,3.45,Bachelors,Los Angeles,M,1,1,1.0,N/A,Data scientist,3/19,N/A,N/A,N/A,N/A,N/A,N/A,N/A
249,State Providence College,3.45,Bachelors,Los Angeles,M,1,1,N/A,0.0,Data scientist,3/19,N/A,N/A,N/A,N/A,N/A,N/A,N/A
250,State Providence College,3.45,Bachelors,Los Angeles,M,1,1,N/A,1.0,Data scientist,3/19,N/A,N/A,N/A,N/A,N/A,N/A,N/A
251,State Providence College,3.45,Bachelors,Los Angeles,M,1,1,N/A,N/A,Data scientist,3/19,N/A,N/A,N/A,N/A,N/A,N/A,N/A
252,State Providence College,3.45,Bachelors,Los Angeles,F,0,0,0.0,0.0,Data scientist,3/19,N/A,N/A,N/A,N/A,N/A,N/A,N/A
253,State Providence College,3.45,Bachelors,Los Angeles,F,0,0,0.0,1.0,Data scientist,3/19,N/A,N/A,N/A,N/A,N/A,N/A,N/A
254,State Providence College,3.45,Bachelors,Los Angeles,F,0,0,0.0,N/A,Data scientist,3/19,N/A,N/A,N/A,N/A,N/A,N/A,N/A
255,State Providence College,3.45,Bachelors,Los Angeles,F,0,0,1.0,0.0,Data scientist,3/19,N/A,N/A,N/A,N/A,N/A,N/A,N/A
256,State Providence College,3.45,Bachelors,Los Angeles,F,0,0,1.0,1.0,Data scientist,3/19,N/A,N/A,N/A,N/A,N/A,N/A,N/A
257,State Providence College,3.45,Bachelors,Los Angeles,F,0,0,1.0,N/A,Data scientist,3/19,N/A,N/A,N/A,N/A,N/A,N/A,N/A
258,State Providence College,3.45,Bachelors,Los Angeles,F,0,0,N/A,0.0,Data scientist,3/19,N/A,N/A,N/A,N/A,N/A,N/A,N/A
259,State Providence College,3.45,Bachelors,Los Angeles,F,0,0,N/A,1.0,Data scientist,3/19,N/A,N/A,N/A,N/A,N/A,N/A,N/A
260,State Providence College,3.45,Bachelors,Los Angeles,F,0,0,N/A,N/A,Data scientist,3/19,N/A,N/A,N/A,N/A,N/A,N/A,N/A
261,State Providence College,3.45,Bachelors,Los Angeles,F,0,1,0.0,0.0,Data scientist,3/19,N/A,N/A,N/A,N/A,N/A,N/A,N/A
262,State Providence College,3.45,Bachelors,Los Angeles,F,0,1,0.0,1.0,Data scientist,3/19,N/A,N/A,N/A,N/A,N/A,N/A,N/A
263,State Providence College,3.45,Bachelors,Los Angeles,F,0,1,0.0,N/A,Data scientist,3/19,N/A,N/A,N/A,N/A,N/A,N/A,N/A
264,State Providence College,3.45,Bachelors,Los Angeles,F,0,1,1.0,0.0,Data scientist,3/19,N/A,N/A,N/A,N/A,N/A,N/A,N/A
265,State Providence College,3.45,Bachelors,Los Angeles,F,0,1,1.0,1.0,Data scientist,3/19,N/A,N/A,N/A,N/A,N/A,N/A,N/A
266,State Providence College,3.45,Bachelors,Los Angeles,F,0,1,1.0,N/A,Data scientist,3/19,N/A,N/A,N/A,N/A,N/A,N/A,N/A
267,State Providence College,3.45,Bachelors,Los Angeles,F,0,1,N/A,0.0,Data scientist,3/19,N/A,N/A,N/A,N/A,N/A,N/A,N/A
268,State Providence College,3.45,Bachelors,Los Angeles,F,0,1,N/A,1.0,Data scientist,3/19,N/A,N/A,N/A,N/A,N/A,N/A,N/A
269,State Providence College,3.45,Bachelors,Los Angeles,F,0,1,N/A,N/A,Data scientist,3/19,N/A,N/A,N/A,N/A,N/A,N/A,N/A
270,State Providence College,3.45,Bachelors,Los Angeles,F,1,0,0.0,0.0,Data scientist,3/19,N/A,N/A,N/A,N/A,N/A,N/A,N/A
271,State Providence College,3.45,Bachelors,Los Angeles,F,1,0,0.0,1.0,Data scientist,3/19,N/A,N/A,N/A,N/A,N/A,N/A,N/A
272,State Providence College,3.45,Bachelors,Los Angeles,F,1,0,0.0,N/A,Data scientist,3/19,N/A,N/A,N/A,N/A,N/A,N/A,N/A
273,State Providence College,3.45,Bachelors,Los Angeles,F,1,0,1.0,0.0,Data scientist,3/19,N/A,N/A,N/A,N/A,N/A,N/A,N/A
274,State Providence College,3.45,Bachelors,Los Angeles,F,1,0,1.0,1.0,Data scientist,3/19,N/A,N/A,N/A,N/A,N/A,N/A,N/A
275,State Providence College,3.45,Bachelors,Los Angeles,F,1,0,1.0,N/A,Data scientist,3/19,N/A,N/A,N/A,N/A,N/A,N/A,N/A
276,State Providence College,3.45,Bachelors,Los Angeles,F,1,0,N/A,0.0,Data scientist,3/19,N/A,N/A,N/A,N/A,N/A,N/A,N/A
277,State Providence College,3.45,Bachelors,Los Angeles,F,1,0,N/A,1.0,Data scientist,3/19,N/A,N/A,N/A,N/A,N/A,N/A,N/A
278,State Providence College,3.45,Bachelors,Los Angeles,F,1,0,N/A,N/A,Data scientist,3/19,N/A,N/A,N/A,N/A,N/A,N/A,N/A
279,State Providence College,3.45,Bachelors,Los Angeles,F,1,1,0.0,0.0,Data scientist,3/19,N/A,N/A,N/A,N/A,N/A,N/A,N/A
280,State Providence College,3.45,Bachelors,Los Angeles,F,1,1,0.0,1.0,Data scientist,3/19,N/A,N/A,N/A,N/A,N/A,N/A,N/A
281,State Providence College,3.45,Bachelors,Los Angeles,F,1,1,0.0,N/A,Data scientist,3/19,N/A,N/A,N/A,N/A,N/A,N/A,N/A
282,State Providence College,3.45,Bachelors,Los Angeles,F,1,1,1.0,0.0,Data scientist,3/19,N/A,N/A,N/A,N/A,N/A,N/A,N/A
283,State Providence College,3.45,Bachelors,Los Angeles,F,1,1,1.0,1.0,Data scientist,3/19,N/A,N/A,N/A,N/A,N/A,N/A,N/A
284,State Providence College,3.45,Bachelors,Los Angeles,F,1,1,1.0,N/A,Data scientist,3/19,N/A,N/A,N/A,N/A,N/A,N/A,N/A
285,State Providence College,3.45,Bachelors,Los Angeles,F,1,1,N/A,0.0,Data scientist,3/19,N/A,N/A,N/A,N/A,N/A,N/A,N/A
286,State Providence College,3.45,Bachelors,Los Angeles,F,1,1,N/A,1.0,Data scientist,3/19,N/A,N/A,N/A,N/A,N/A,N/A,N/A
287,State Providence College,3.45,Bachelors,Los Angeles,F,1,1,N/A,N/A,Data scientist,3/19,N/A,N/A,N/A,N/A,N/A,N/A,N/A
288,State Providence College,3.45,Bachelors,Los Angeles,N/A,0,0,0.0,0.0,Data scientist,3/19,N/A,N/A,N/A,N/A,N/A,N/A,N/A
289,State Providence College,3.45,Bachelors,Los Angeles,N/A,0,0,0.0,1.0,Data scientist,3/19,N/A,N/A,N/A,N/A,N/A,N/A,N/A
290,State Providence College,3.45,Bachelors,Los Angeles,N/A,0,0,0.0,N/A,Data scientist,3/19,N/A,N/A,N/A,N/A,N/A,N/A,N/A
291,State Providence College,3.45,Bachelors,Los Angeles,N/A,0,0,1.0,0.0,Data scientist,3/19,N/A,N/A,N/A,N/A,N/A,N/A,N/A
292,State Providence College,3.45,Bachelors,Los Angeles,N/A,0,0,1.0,1.0,Data scientist,3/19,N/A,N/A,N/A,N/A,N/A,N/A,N/A
293,State Providence College,3.45,Bachelors,Los Angeles,N/A,0,0,1.0,N/A,Data scientist,3/19,N/A,N/A,N/A,N/A,N/A,N/A,N/A
294,State Providence College,3.45,Bachelors,Los Angeles,N/A,0,0,N/A,0.0,Data scientist,3/19,N/A,N/A,N/A,N/A,N/A,N/A,N/A
295,State Providence College,3.45,Bachelors,Los Angeles,N/A,0,0,N/A,1.0,Data scientist,3/19,N/A,N/A,N/A,N/A,N/A,N/A,N/A
296,State Providence College,3.45,Bachelors,Los Angeles,N/A,0,0,N/A,N/A,Data scientist,3/19,N/A,N/A,N/A,N/A,N/A,N/A,N/A
297,State Providence College,3.45,Bachelors,Los Angeles,N/A,0,1,0.0,0.0,Data scientist,3/19,N/A,N/A,N/A,N/A,N/A,N/A,N/A
298,State Providence College,3.45,Bachelors,Los Angeles,N/A,0,1,0.0,1.0,Data scientist,3/19,N/A,N/A,N/A,N/A,N/A,N/A,N/A
299,State Providence College,3.45,Bachelors,Los Angeles,N/A,0,1,0.0,N/A,Data scientist,3/19,N/A,N/A,N/A,N/A,N/A,N/A,N/A
300,State Providence College,3.45,Bachelors,Los Angeles,N/A,0,1,1.0,0.0,Data scientist,3/19,N/A,N/A,N/A,N/A,N/A,N/A,N/A
301,State Providence College,3.45,Bachelors,Los Angeles,N/A,0,1,1.0,1.0,Data scientist,3/19,N/A,N/A,N/A,N/A,N/A,N/A,N/A
302,State Providence College,3.45,Bachelors,Los Angeles,N/A,0,1,1.0,N/A,Data scientist,3/19,N/A,N/A,N/A,N/A,N/A,N/A,N/A
303,State Providence College,3.45,Bachelors,Los Angeles,N/A,0,1,N/A,0.0,Data scientist,3/19,N/A,N/A,N/A,N/A,N/A,N/A,N/A
304,State Providence College,3.45,Bachelors,Los Angeles,N/A,0,1,N/A,1.0,Data scientist,3/19,N/A,N/A,N/A,N/A,N/A,N/A,N/A
305,State Providence College,3.45,Bachelors,Los Angeles,N/A,0,1,N/A,N/A,Data scientist,3/19,N/A,N/A,N/A,N/A,N/A,N/A,N/A
306,State Providence College,3.45,Bachelors,Los Angeles,N/A,1,0,0.0,0.0,Data scientist,3/19,N/A,N/A,N/A,N/A,N/A,N/A,N/A
307,State Providence College,3.45,Bachelors,Los Angeles,N/A,1,0,0.0,1.0,Data scientist,3/19,N/A,N/A,N/A,N/A,N/A,N/A,N/A
308,State Providence College,3.45,Bachelors,Los Angeles,N/A,1,0,0.0,N/A,Data scientist,3/19,N/A,N/A,N/A,N/A,N/A,N/A,N/A
309,State Providence College,3.45,Bachelors,Los Angeles,N/A,1,0,1.0,0.0,Data scientist,3/19,N/A,N/A,N/A,N/A,N/A,N/A,N/A
310,State Providence College,3.45,Bachelors,Los Angeles,N/A,1,0,1.0,1.0,Data scientist,3/19,N/A,N/A,N/A,N/A,N/A,N/A,N/A
311,State Providence College,3.45,Bachelors,Los Angeles,N/A,1,0,1.0,N/A,Data scientist,3/19,N/A,N/A,N/A,N/A,N/A,N/A,N/A
312,State Providence College,3.45,Bachelors,Los Angeles,N/A,1,0,N/A,0.0,Data scientist,3/19,N/A,N/A,N/A,N/A,N/A,N/A,N/A
313,State Providence College,3.45,Bachelors,Los Angeles,N/A,1,0,N/A,1.0,Data scientist,3/19,N/A,N/A,N/A,N/A,N/A,N/A,N/A
314,State Providence College,3.45,Bachelors,Los Angeles,N/A,1,0,N/A,N/A,Data scientist,3/19,N/A,N/A,N/A,N/A,N/A,N/A,N/A
315,State Providence College,3.45,Bachelors,Los Angeles,N/A,1,1,0.0,0.0,Data scientist,3/19,N/A,N/A,N/A,N/A,N/A,N/A,N/A
316,State Providence College,3.45,Bachelors,Los Angeles,N/A,1,1,0.0,1.0,Data scientist,3/19,N/A,N/A,N/A,N/A,N/A,N/A,N/A
317,State Providence College,3.45,Bachelors,Los Angeles,N/A,1,1,0.0,N/A,Data scientist,3/19,N/A,N/A,N/A,N/A,N/A,N/A,N/A
318,State Providence College,3.45,Bachelors,Los Angeles,N/A,1,1,1.0,0.0,Data scientist,3/19,N/A,N/A,N/A,N/A,N/A,N/A,N/A
319,State Providence College,3.45,Bachelors,Los Angeles,N/A,1,1,1.0,1.0,Data scientist,3/19,N/A,N/A,N/A,N/A,N/A,N/A,N/A
320,State Providence College,3.45,Bachelors,Los Angeles,N/A,1,1,1.0,N/A,Data scientist,3/19,N/A,N/A,N/A,N/A,N/A,N/A,N/A
321,State Providence College,3.45,Bachelors,Los Angeles,N/A,1,1,N/A,0.0,Data scientist,3/19,N/A,N/A,N/A,N/A,N/A,N/A,N/A
322,State Providence College,3.45,Bachelors,Los Angeles,N/A,1,1,N/A,1.0,Data scientist,3/19,N/A,N/A,N/A,N/A,N/A,N/A,N/A
323,State Providence College,3.45,Bachelors,Los Angeles,N/A,1,1,N/A,N/A,Data scientist,3/19,N/A,N/A,N/A,N/A,N/A,N/A,N/A
324,Providence School,3.37,Masters,Miami,M,0,0,0.0,0.0,Lawyer,7/19,N/A,Teaching Assistant,9/18,5/19,N/A,N/A,N/A
325,Providence School,3.37,Masters,Miami,M,0,0,0.0,1.0,Lawyer,7/19,N/A,Teaching Assistant,9/18,5/19,N/A,N/A,N/A
326,Providence School,3.37,Masters,Miami,M,0,0,0.0,N/A,Lawyer,7/19,N/A,Teaching Assistant,9/18,5/19,N/A,N/A,N/A
327,Providence School,3.37,Masters,Miami,M,0,0,1.0,0.0,Lawyer,7/19,N/A,Teaching Assistant,9/18,5/19,N/A,N/A,N/A
328,Providence School,3.37,Masters,Miami,M,0,0,1.0,1.0,Lawyer,7/19,N/A,Teaching Assistant,9/18,5/19,N/A,N/A,N/A
329,Providence School,3.37,Masters,Miami,M,0,0,1.0,N/A,Lawyer,7/19,N/A,Teaching Assistant,9/18,5/19,N/A,N/A,N/A
330,Providence School,3.37,Masters,Miami,M,0,0,N/A,0.0,Lawyer,7/19,N/A,Teaching Assistant,9/18,5/19,N/A,N/A,N/A
331,Providence School,3.37,Masters,Miami,M,0,0,N/A,1.0,Lawyer,7/19,N/A,Teaching Assistant,9/18,5/19,N/A,N/A,N/A
332,Providence School,3.37,Masters,Miami,M,0,0,N/A,N/A,Lawyer,7/19,N/A,Teaching Assistant,9/18,5/19,N/A,N/A,N/A
333,Providence School,3.37,Masters,Miami,M,0,1,0.0,0.0,Lawyer,7/19,N/A,Teaching Assistant,9/18,5/19,N/A,N/A,N/A
334,Providence School,3.37,Masters,Miami,M,0,1,0.0,1.0,Lawyer,7/19,N/A,Teaching Assistant,9/18,5/19,N/A,N/A,N/A
335,Providence School,3.37,Masters,Miami,M,0,1,0.0,N/A,Lawyer,7/19,N/A,Teaching Assistant,9/18,5/19,N/A,N/A,N/A
336,Providence School,3.37,Masters,Miami,M,0,1,1.0,0.0,Lawyer,7/19,N/A,Teaching Assistant,9/18,5/19,N/A,N/A,N/A
337,Providence School,3.37,Masters,Miami,M,0,1,1.0,1.0,Lawyer,7/19,N/A,Teaching Assistant,9/18,5/19,N/A,N/A,N/A
338,Providence School,3.37,Masters,Miami,M,0,1,1.0,N/A,Lawyer,7/19,N/A,Teaching Assistant,9/18,5/19,N/A,N/A,N/A
339,Providence School,3.37,Masters,Miami,M,0,1,N/A,0.0,Lawyer,7/19,N/A,Teaching Assistant,9/18,5/19,N/A,N/A,N/A
340,Providence School,3.37,Masters,Miami,M,0,1,N/A,1.0,Lawyer,7/19,N/A,Teaching Assistant,9/18,5/19,N/A,N/A,N/A
341,Providence School,3.37,Masters,Miami,M,0,1,N/A,N/A,Lawyer,7/19,N/A,Teaching Assistant,9/18,5/19,N/A,N/A,N/A
342,Providence School,3.37,Masters,Miami,M,1,0,0.0,0.0,Lawyer,7/19,N/A,Teaching Assistant,9/18,5/19,N/A,N/A,N/A
343,Providence School,3.37,Masters,Miami,M,1,0,0.0,1.0,Lawyer,7/19,N/A,Teaching Assistant,9/18,5/19,N/A,N/A,N/A
344,Providence School,3.37,Masters,Miami,M,1,0,0.0,N/A,Lawyer,7/19,N/A,Teaching Assistant,9/18,5/19,N/A,N/A,N/A
345,Providence School,3.37,Masters,Miami,M,1,0,1.0,0.0,Lawyer,7/19,N/A,Teaching Assistant,9/18,5/19,N/A,N/A,N/A
346,Providence School,3.37,Masters,Miami,M,1,0,1.0,1.0,Lawyer,7/19,N/A,Teaching Assistant,9/18,5/19,N/A,N/A,N/A
347,Providence School,3.37,Masters,Miami,M,1,0,1.0,N/A,Lawyer,7/19,N/A,Teaching Assistant,9/18,5/19,N/A,N/A,N/A
348,Providence School,3.37,Masters,Miami,M,1,0,N/A,0.0,Lawyer,7/19,N/A,Teaching Assistant,9/18,5/19,N/A,N/A,N/A
349,Providence School,3.37,Masters,Miami,M,1,0,N/A,1.0,Lawyer,7/19,N/A,Teaching Assistant,9/18,5/19,N/A,N/A,N/A
350,Providence School,3.37,Masters,Miami,M,1,0,N/A,N/A,Lawyer,7/19,N/A,Teaching Assistant,9/18,5/19,N/A,N/A,N/A
351,Providence School,3.37,Masters,Miami,M,1,1,0.0,0.0,Lawyer,7/19,N/A,Teaching Assistant,9/18,5/19,N/A,N/A,N/A
352,Providence School,3.37,Masters,Miami,M,1,1,0.0,1.0,Lawyer,7/19,N/A,Teaching Assistant,9/18,5/19,N/A,N/A,N/A
353,Providence School,3.37,Masters,Miami,M,1,1,0.0,N/A,Lawyer,7/19,N/A,Teaching Assistant,9/18,5/19,N/A,N/A,N/A
354,Providence School,3.37,Masters,Miami,M,1,1,1.0,0.0,Lawyer,7/19,N/A,Teaching Assistant,9/18,5/19,N/A,N/A,N/A
355,Providence School,3.37,Masters,Miami,M,1,1,1.0,1.0,Lawyer,7/19,N/A,Teaching Assistant,9/18,5/19,N/A,N/A,N/A
356,Providence School,3.37,Masters,Miami,M,1,1,1.0,N/A,Lawyer,7/19,N/A,Teaching Assistant,9/18,5/19,N/A,N/A,N/A
357,Providence School,3.37,Masters,Miami,M,1,1,N/A,0.0,Lawyer,7/19,N/A,Teaching Assistant,9/18,5/19,N/A,N/A,N/A
358,Providence School,3.37,Masters,Miami,M,1,1,N/A,1.0,Lawyer,7/19,N/A,Teaching Assistant,9/18,5/19,N/A,N/A,N/A
359,Providence School,3.37,Masters,Miami,M,1,1,N/A,N/A,Lawyer,7/19,N/A,Teaching Assistant,9/18,5/19,N/A,N/A,N/A
360,Providence School,3.37,Masters,Miami,F,0,0,0.0,0.0,Lawyer,7/19,N/A,Teaching Assistant,9/18,5/19,N/A,N/A,N/A
361,Providence School,3.37,Masters,Miami,F,0,0,0.0,1.0,Lawyer,7/19,N/A,Teaching Assistant,9/18,5/19,N/A,N/A,N/A
362,Providence School,3.37,Masters,Miami,F,0,0,0.0,N/A,Lawyer,7/19,N/A,Teaching Assistant,9/18,5/19,N/A,N/A,N/A
363,Providence School,3.37,Masters,Miami,F,0,0,1.0,0.0,Lawyer,7/19,N/A,Teaching Assistant,9/18,5/19,N/A,N/A,N/A
364,Providence School,3.37,Masters,Miami,F,0,0,1.0,1.0,Lawyer,7/19,N/A,Teaching Assistant,9/18,5/19,N/A,N/A,N/A
365,Providence School,3.37,Masters,Miami,F,0,0,1.0,N/A,Lawyer,7/19,N/A,Teaching Assistant,9/18,5/19,N/A,N/A,N/A
366,Providence School,3.37,Masters,Miami,F,0,0,N/A,0.0,Lawyer,7/19,N/A,Teaching Assistant,9/18,5/19,N/A,N/A,N/A
367,Providence School,3.37,Masters,Miami,F,0,0,N/A,1.0,Lawyer,7/19,N/A,Teaching Assistant,9/18,5/19,N/A,N/A,N/A
368,Providence School,3.37,Masters,Miami,F,0,0,N/A,N/A,Lawyer,7/19,N/A,Teaching Assistant,9/18,5/19,N/A,N/A,N/A
369,Providence School,3.37,Masters,Miami,F,0,1,0.0,0.0,Lawyer,7/19,N/A,Teaching Assistant,9/18,5/19,N/A,N/A,N/A
370,Providence School,3.37,Masters,Miami,F,0,1,0.0,1.0,Lawyer,7/19,N/A,Teaching Assistant,9/18,5/19,N/A,N/A,N/A
371,Providence School,3.37,Masters,Miami,F,0,1,0.0,N/A,Lawyer,7/19,N/A,Teaching Assistant,9/18,5/19,N/A,N/A,N/A
372,Providence School,3.37,Masters,Miami,F,0,1,1.0,0.0,Lawyer,7/19,N/A,Teaching Assistant,9/18,5/19,N/A,N/A,N/A
373,Providence School,3.37,Masters,Miami,F,0,1,1.0,1.0,Lawyer,7/19,N/A,Teaching Assistant,9/18,5/19,N/A,N/A,N/A
374,Providence School,3.37,Masters,Miami,F,0,1,1.0,N/A,Lawyer,7/19,N/A,Teaching Assistant,9/18,5/19,N/A,N/A,N/A
375,Providence School,3.37,Masters,Miami,F,0,1,N/A,0.0,Lawyer,7/19,N/A,Teaching Assistant,9/18,5/19,N/A,N/A,N/A
376,Providence School,3.37,Masters,Miami,F,0,1,N/A,1.0,Lawyer,7/19,N/A,Teaching Assistant,9/18,5/19,N/A,N/A,N/A
377,Providence School,3.37,Masters,Miami,F,0,1,N/A,N/A,Lawyer,7/19,N/A,Teaching Assistant,9/18,5/19,N/A,N/A,N/A
378,Providence School,3.37,Masters,Miami,F,1,0,0.0,0.0,Lawyer,7/19,N/A,Teaching Assistant,9/18,5/19,N/A,N/A,N/A
379,Providence School,3.37,Masters,Miami,F,1,0,0.0,1.0,Lawyer,7/19,N/A,Teaching Assistant,9/18,5/19,N/A,N/A,N/A
380,Providence School,3.37,Masters,Miami,F,1,0,0.0,N/A,Lawyer,7/19,N/A,Teaching Assistant,9/18,5/19,N/A,N/A,N/A
381,Providence School,3.37,Masters,Miami,F,1,0,1.0,0.0,Lawyer,7/19,N/A,Teaching Assistant,9/18,5/19,N/A,N/A,N/A
382,Providence School,3.37,Masters,Miami,F,1,0,1.0,1.0,Lawyer,7/19,N/A,Teaching Assistant,9/18,5/19,N/A,N/A,N/A
383,Providence School,3.37,Masters,Miami,F,1,0,1.0,N/A,Lawyer,7/19,N/A,Teaching Assistant,9/18,5/19,N/A,N/A,N/A
384,Providence School,3.37,Masters,Miami,F,1,0,N/A,0.0,Lawyer,7/19,N/A,Teaching Assistant,9/18,5/19,N/A,N/A,N/A
385,Providence School,3.37,Masters,Miami,F,1,0,N/A,1.0,Lawyer,7/19,N/A,Teaching Assistant,9/18,5/19,N/A,N/A,N/A
386,Providence School,3.37,Masters,Miami,F,1,0,N/A,N/A,Lawyer,7/19,N/A,Teaching Assistant,9/18,5/19,N/A,N/A,N/A
387,Providence School,3.37,Masters,Miami,F,1,1,0.0,0.0,Lawyer,7/19,N/A,Teaching Assistant,9/18,5/19,N/A,N/A,N/A
388,Providence School,3.37,Masters,Miami,F,1,1,0.0,1.0,Lawyer,7/19,N/A,Teaching Assistant,9/18,5/19,N/A,N/A,N/A
389,Providence School,3.37,Masters,Miami,F,1,1,0.0,N/A,Lawyer,7/19,N/A,Teaching Assistant,9/18,5/19,N/A,N/A,N/A
390,Providence School,3.37,Masters,Miami,F,1,1,1.0,0.0,Lawyer,7/19,N/A,Teaching Assistant,9/18,5/19,N/A,N/A,N/A
391,Providence School,3.37,Masters,Miami,F,1,1,1.0,1.0,Lawyer,7/19,N/A,Teaching Assistant,9/18,5/19,N/A,N/A,N/A
392,Providence School,3.37,Masters,Miami,F,1,1,1.0,N/A,Lawyer,7/19,N/A,Teaching Assistant,9/18,5/19,N/A,N/A,N/A
393,Providence School,3.37,Masters,Miami,F,1,1,N/A,0.0,Lawyer,7/19,N/A,Teaching Assistant,9/18,5/19,N/A,N/A,N/A
394,Providence School,3.37,Masters,Miami,F,1,1,N/A,1.0,Lawyer,7/19,N/A,Teaching Assistant,9/18,5/19,N/A,N/A,N/A
395,Providence School,3.37,Masters,Miami,F,1,1,N/A,N/A,Lawyer,7/19,N/A,Teaching Assistant,9/18,5/19,N/A,N/A,N/A
396,Providence School,3.37,Masters,Miami,N/A,0,0,0.0,0.0,Lawyer,7/19,N/A,Teaching Assistant,9/18,5/19,N/A,N/A,N/A
397,Providence School,3.37,Masters,Miami,N/A,0,0,0.0,1.0,Lawyer,7/19,N/A,Teaching Assistant,9/18,5/19,N/A,N/A,N/A
398,Providence School,3.37,Masters,Miami,N/A,0,0,0.0,N/A,Lawyer,7/19,N/A,Teaching Assistant,9/18,5/19,N/A,N/A,N/A
399,Providence School,3.37,Masters,Miami,N/A,0,0,1.0,0.0,Lawyer,7/19,N/A,Teaching Assistant,9/18,5/19,N/A,N/A,N/A
400,Providence School,3.37,Masters,Miami,N/A,0,0,1.0,1.0,Lawyer,7/19,N/A,Teaching Assistant,9/18,5/19,N/A,N/A,N/A
401,Providence School,3.37,Masters,Miami,N/A,0,0,1.0,N/A,Lawyer,7/19,N/A,Teaching Assistant,9/18,5/19,N/A,N/A,N/A
402,Providence School,3.37,Masters,Miami,N/A,0,0,N/A,0.0,Lawyer,7/19,N/A,Teaching Assistant,9/18,5/19,N/A,N/A,N/A
403,Providence School,3.37,Masters,Miami,N/A,0,0,N/A,1.0,Lawyer,7/19,N/A,Teaching Assistant,9/18,5/19,N/A,N/A,N/A
404,Providence School,3.37,Masters,Miami,N/A,0,0,N/A,N/A,Lawyer,7/19,N/A,Teaching Assistant,9/18,5/19,N/A,N/A,N/A
405,Providence School,3.37,Masters,Miami,N/A,0,1,0.0,0.0,Lawyer,7/19,N/A,Teaching Assistant,9/18,5/19,N/A,N/A,N/A
406,Providence School,3.37,Masters,Miami,N/A,0,1,0.0,1.0,Lawyer,7/19,N/A,Teaching Assistant,9/18,5/19,N/A,N/A,N/A
407,Providence School,3.37,Masters,Miami,N/A,0,1,0.0,N/A,Lawyer,7/19,N/A,Teaching Assistant,9/18,5/19,N/A,N/A,N/A
408,Providence School,3.37,Masters,Miami,N/A,0,1,1.0,0.0,Lawyer,7/19,N/A,Teaching Assistant,9/18,5/19,N/A,N/A,N/A
409,Providence School,3.37,Masters,Miami,N/A,0,1,1.0,1.0,Lawyer,7/19,N/A,Teaching Assistant,9/18,5/19,N/A,N/A,N/A
410,Providence School,3.37,Masters,Miami,N/A,0,1,1.0,N/A,Lawyer,7/19,N/A,Teaching Assistant,9/18,5/19,N/A,N/A,N/A
411,Providence School,3.37,Masters,Miami,N/A,0,1,N/A,0.0,Lawyer,7/19,N/A,Teaching Assistant,9/18,5/19,N/A,N/A,N/A
412,Providence School,3.37,Masters,Miami,N/A,0,1,N/A,1.0,Lawyer,7/19,N/A,Teaching Assistant,9/18,5/19,N/A,N/A,N/A
413,Providence School,3.37,Masters,Miami,N/A,0,1,N/A,N/A,Lawyer,7/19,N/A,Teaching Assistant,9/18,5/19,N/A,N/A,N/A
414,Providence School,3.37,Masters,Miami,N/A,1,0,0.0,0.0,Lawyer,7/19,N/A,Teaching Assistant,9/18,5/19,N/A,N/A,N/A
415,Providence School,3.37,Masters,Miami,N/A,1,0,0.0,1.0,Lawyer,7/19,N/A,Teaching Assistant,9/18,5/19,N/A,N/A,N/A
416,Providence School,3.37,Masters,Miami,N/A,1,0,0.0,N/A,Lawyer,7/19,N/A,Teaching Assistant,9/18,5/19,N/A,N/A,N/A
417,Providence School,3.37,Masters,Miami,N/A,1,0,1.0,0.0,Lawyer,7/19,N/A,Teaching Assistant,9/18,5/19,N/A,N/A,N/A
418,Providence School,3.37,Masters,Miami,N/A,1,0,1.0,1.0,Lawyer,7/19,N/A,Teaching Assistant,9/18,5/19,N/A,N/A,N/A
419,Providence School,3.37,Masters,Miami,N/A,1,0,1.0,N/A,Lawyer,7/19,N/A,Teaching Assistant,9/18,5/19,N/A,N/A,N/A
420,Providence School,3.37,Masters,Miami,N/A,1,0,N/A,0.0,Lawyer,7/19,N/A,Teaching Assistant,9/18,5/19,N/A,N/A,N/A
421,Providence School,3.37,Masters,Miami,N/A,1,0,N/A,1.0,Lawyer,7/19,N/A,Teaching Assistant,9/18,5/19,N/A,N/A,N/A
422,Providence School,3.37,Masters,Miami,N/A,1,0,N/A,N/A,Lawyer,7/19,N/A,Teaching Assistant,9/18,5/19,N/A,N/A,N/A
423,Providence School,3.37,Masters,Miami,N/A,1,1,0.0,0.0,Lawyer,7/19,N/A,Teaching Assistant,9/18,5/19,N/A,N/A,N/A
424,Providence School,3.37,Masters,Miami,N/A,1,1,0.0,1.0,Lawyer,7/19,N/A,Teaching Assistant,9/18,5/19,N/A,N/A,N/A
425,Providence School,3.37,Masters,Miami,N/A,1,1,0.0,N/A,Lawyer,7/19,N/A,Teaching Assistant,9/18,5/19,N/A,N/A,N/A
426,Providence School,3.37,Masters,Miami,N/A,1,1,1.0,0.0,Lawyer,7/19,N/A,Teaching Assistant,9/18,5/19,N/A,N/A,N/A
427,Providence School,3.37,Masters,Miami,N/A,1,1,1.0,1.0,Lawyer,7/19,N/A,Teaching Assistant,9/18,5/19,N/A,N/A,N/A
428,Providence School,3.37,Masters,Miami,N/A,1,1,1.0,N/A,Lawyer,7/19,N/A,Teaching Assistant,9/18,5/19,N/A,N/A,N/A
429,Providence School,3.37,Masters,Miami,N/A,1,1,N/A,0.0,Lawyer,7/19,N/A,Teaching Assistant,9/18,5/19,N/A,N/A,N/A
430,Providence School,3.37,Masters,Miami,N/A,1,1,N/A,1.0,Lawyer,7/19,N/A,Teaching Assistant,9/18,5/19,N/A,N/A,N/A
431,Providence School,3.37,Masters,Miami,N/A,1,1,N/A,N/A,Lawyer,7/19,N/A,Teaching Assistant,9/18,5/19,N/A,N/A,N/A
432,State Providence College,3.03,Bachelors,Chicago,M,0,0,0.0,0.0,ML Engineer,5/21,6/23,N/A,N/A,N/A,N/A,N/A,N/A
433,State Providence College,3.03,Bachelors,Chicago,M,0,0,0.0,1.0,ML Engineer,5/21,6/23,N/A,N/A,N/A,N/A,N/A,N/A
434,State Providence College,3.03,Bachelors,Chicago,M,0,0,0.0,N/A,ML Engineer,5/21,6/23,N/A,N/A,N/A,N/A,N/A,N/A
435,State Providence College,3.03,Bachelors,Chicago,M,0,0,1.0,0.0,ML Engineer,5/21,6/23,N/A,N/A,N/A,N/A,N/A,N/A
436,State Providence College,3.03,Bachelors,Chicago,M,0,0,1.0,1.0,ML Engineer,5/21,6/23,N/A,N/A,N/A,N/A,N/A,N/A
437,State Providence College,3.03,Bachelors,Chicago,M,0,0,1.0,N/A,ML Engineer,5/21,6/23,N/A,N/A,N/A,N/A,N/A,N/A
438,State Providence College,3.03,Bachelors,Chicago,M,0,0,N/A,0.0,ML Engineer,5/21,6/23,N/A,N/A,N/A,N/A,N/A,N/A
439,State Providence College,3.03,Bachelors,Chicago,M,0,0,N/A,1.0,ML Engineer,5/21,6/23,N/A,N/A,N/A,N/A,N/A,N/A
440,State Providence College,3.03,Bachelors,Chicago,M,0,0,N/A,N/A,ML Engineer,5/21,6/23,N/A,N/A,N/A,N/A,N/A,N/A
441,State Providence College,3.03,Bachelors,Chicago,M,0,1,0.0,0.0,ML Engineer,5/21,6/23,N/A,N/A,N/A,N/A,N/A,N/A
442,State Providence College,3.03,Bachelors,Chicago,M,0,1,0.0,1.0,ML Engineer,5/21,6/23,N/A,N/A,N/A,N/A,N/A,N/A
443,State Providence College,3.03,Bachelors,Chicago,M,0,1,0.0,N/A,ML Engineer,5/21,6/23,N/A,N/A,N/A,N/A,N/A,N/A
444,State Providence College,3.03,Bachelors,Chicago,M,0,1,1.0,0.0,ML Engineer,5/21,6/23,N/A,N/A,N/A,N/A,N/A,N/A
445,State Providence College,3.03,Bachelors,Chicago,M,0,1,1.0,1.0,ML Engineer,5/21,6/23,N/A,N/A,N/A,N/A,N/A,N/A
446,State Providence College,3.03,Bachelors,Chicago,M,0,1,1.0,N/A,ML Engineer,5/21,6/23,N/A,N/A,N/A,N/A,N/A,N/A
447,State Providence College,3.03,Bachelors,Chicago,M,0,1,N/A,0.0,ML Engineer,5/21,6/23,N/A,N/A,N/A,N/A,N/A,N/A
448,State Providence College,3.03,Bachelors,Chicago,M,0,1,N/A,1.0,ML Engineer,5/21,6/23,N/A,N/A,N/A,N/A,N/A,N/A
449,State Providence College,3.03,Bachelors,Chicago,M,0,1,N/A,N/A,ML Engineer,5/21,6/23,N/A,N/A,N/A,N/A,N/A,N/A
450,State Providence College,3.03,Bachelors,Chicago,M,1,0,0.0,0.0,ML Engineer,5/21,6/23,N/A,N/A,N/A,N/A,N/A,N/A
451,State Providence College,3.03,Bachelors,Chicago,M,1,0,0.0,1.0,ML Engineer,5/21,6/23,N/A,N/A,N/A,N/A,N/A,N/A
452,State Providence College,3.03,Bachelors,Chicago,M,1,0,0.0,N/A,ML Engineer,5/21,6/23,N/A,N/A,N/A,N/A,N/A,N/A
453,State Providence College,3.03,Bachelors,Chicago,M,1,0,1.0,0.0,ML Engineer,5/21,6/23,N/A,N/A,N/A,N/A,N/A,N/A
454,State Providence College,3.03,Bachelors,Chicago,M,1,0,1.0,1.0,ML Engineer,5/21,6/23,N/A,N/A,N/A,N/A,N/A,N/A
455,State Providence College,3.03,Bachelors,Chicago,M,1,0,1.0,N/A,ML Engineer,5/21,6/23,N/A,N/A,N/A,N/A,N/A,N/A
456,State Providence College,3.03,Bachelors,Chicago,M,1,0,N/A,0.0,ML Engineer,5/21,6/23,N/A,N/A,N/A,N/A,N/A,N/A
457,State Providence College,3.03,Bachelors,Chicago,M,1,0,N/A,1.0,ML Engineer,5/21,6/23,N/A,N/A,N/A,N/A,N/A,N/A
458,State Providence College,3.03,Bachelors,Chicago,M,1,0,N/A,N/A,ML Engineer,5/21,6/23,N/A,N/A,N/A,N/A,N/A,N/A
459,State Providence College,3.03,Bachelors,Chicago,M,1,1,0.0,0.0,ML Engineer,5/21,6/23,N/A,N/A,N/A,N/A,N/A,N/A
460,State Providence College,3.03,Bachelors,Chicago,M,1,1,0.0,1.0,ML Engineer,5/21,6/23,N/A,N/A,N/A,N/A,N/A,N/A
461,State Providence College,3.03,Bachelors,Chicago,M,1,1,0.0,N/A,ML Engineer,5/21,6/23,N/A,N/A,N/A,N/A,N/A,N/A
462,State Providence College,3.03,Bachelors,Chicago,M,1,1,1.0,0.0,ML Engineer,5/21,6/23,N/A,N/A,N/A,N/A,N/A,N/A
463,State Providence College,3.03,Bachelors,Chicago,M,1,1,1.0,1.0,ML Engineer,5/21,6/23,N/A,N/A,N/A,N/A,N/A,N/A
464,State Providence College,3.03,Bachelors,Chicago,M,1,1,1.0,N/A,ML Engineer,5/21,6/23,N/A,N/A,N/A,N/A,N/A,N/A
465,State Providence College,3.03,Bachelors,Chicago,M,1,1,N/A,0.0,ML Engineer,5/21,6/23,N/A,N/A,N/A,N/A,N/A,N/A
466,State Providence College,3.03,Bachelors,Chicago,M,1,1,N/A,1.0,ML Engineer,5/21,6/23,N/A,N/A,N/A,N/A,N/A,N/A
467,State Providence College,3.03,Bachelors,Chicago,M,1,1,N/A,N/A,ML Engineer,5/21,6/23,N/A,N/A,N/A,N/A,N/A,N/A
468,State Providence College,3.03,Bachelors,Chicago,F,0,0,0.0,0.0,ML Engineer,5/21,6/23,N/A,N/A,N/A,N/A,N/A,N/A
469,State Providence College,3.03,Bachelors,Chicago,F,0,0,0.0,1.0,ML Engineer,5/21,6/23,N/A,N/A,N/A,N/A,N/A,N/A
470,State Providence College,3.03,Bachelors,Chicago,F,0,0,0.0,N/A,ML Engineer,5/21,6/23,N/A,N/A,N/A,N/A,N/A,N/A
471,State Providence College,3.03,Bachelors,Chicago,F,0,0,1.0,0.0,ML Engineer,5/21,6/23,N/A,N/A,N/A,N/A,N/A,N/A
472,State Providence College,3.03,Bachelors,Chicago,F,0,0,1.0,1.0,ML Engineer,5/21,6/23,N/A,N/A,N/A,N/A,N/A,N/A
473,State Providence College,3.03,Bachelors,Chicago,F,0,0,1.0,N/A,ML Engineer,5/21,6/23,N/A,N/A,N/A,N/A,N/A,N/A
474,State Providence College,3.03,Bachelors,Chicago,F,0,0,N/A,0.0,ML Engineer,5/21,6/23,N/A,N/A,N/A,N/A,N/A,N/A
475,State Providence College,3.03,Bachelors,Chicago,F,0,0,N/A,1.0,ML Engineer,5/21,6/23,N/A,N/A,N/A,N/A,N/A,N/A
476,State Providence College,3.03,Bachelors,Chicago,F,0,0,N/A,N/A,ML Engineer,5/21,6/23,N/A,N/A,N/A,N/A,N/A,N/A
477,State Providence College,3.03,Bachelors,Chicago,F,0,1,0.0,0.0,ML Engineer,5/21,6/23,N/A,N/A,N/A,N/A,N/A,N/A
478,State Providence College,3.03,Bachelors,Chicago,F,0,1,0.0,1.0,ML Engineer,5/21,6/23,N/A,N/A,N/A,N/A,N/A,N/A
479,State Providence College,3.03,Bachelors,Chicago,F,0,1,0.0,N/A,ML Engineer,5/21,6/23,N/A,N/A,N/A,N/A,N/A,N/A
480,State Providence College,3.03,Bachelors,Chicago,F,0,1,1.0,0.0,ML Engineer,5/21,6/23,N/A,N/A,N/A,N/A,N/A,N/A
481,State Providence College,3.03,Bachelors,Chicago,F,0,1,1.0,1.0,ML Engineer,5/21,6/23,N/A,N/A,N/A,N/A,N/A,N/A
482,State Providence College,3.03,Bachelors,Chicago,F,0,1,1.0,N/A,ML Engineer,5/21,6/23,N/A,N/A,N/A,N/A,N/A,N/A
483,State Providence College,3.03,Bachelors,Chicago,F,0,1,N/A,0.0,ML Engineer,5/21,6/23,N/A,N/A,N/A,N/A,N/A,N/A
484,State Providence College,3.03,Bachelors,Chicago,F,0,1,N/A,1.0,ML Engineer,5/21,6/23,N/A,N/A,N/A,N/A,N/A,N/A
485,State Providence College,3.03,Bachelors,Chicago,F,0,1,N/A,N/A,ML Engineer,5/21,6/23,N/A,N/A,N/A,N/A,N/A,N/A
486,State Providence College,3.03,Bachelors,Chicago,F,1,0,0.0,0.0,ML Engineer,5/21,6/23,N/A,N/A,N/A,N/A,N/A,N/A
487,State Providence College,3.03,Bachelors,Chicago,F,1,0,0.0,1.0,ML Engineer,5/21,6/23,N/A,N/A,N/A,N/A,N/A,N/A
488,State Providence College,3.03,Bachelors,Chicago,F,1,0,0.0,N/A,ML Engineer,5/21,6/23,N/A,N/A,N/A,N/A,N/A,N/A
489,State Providence College,3.03,Bachelors,Chicago,F,1,0,1.0,0.0,ML Engineer,5/21,6/23,N/A,N/A,N/A,N/A,N/A,N/A
490,State Providence College,3.03,Bachelors,Chicago,F,1,0,1.0,1.0,ML Engineer,5/21,6/23,N/A,N/A,N/A,N/A,N/A,N/A
491,State Providence College,3.03,Bachelors,Chicago,F,1,0,1.0,N/A,ML Engineer,5/21,6/23,N/A,N/A,N/A,N/A,N/A,N/A
492,State Providence College,3.03,Bachelors,Chicago,F,1,0,N/A,0.0,ML Engineer,5/21,6/23,N/A,N/A,N/A,N/A,N/A,N/A
493,State Providence College,3.03,Bachelors,Chicago,F,1,0,N/A,1.0,ML Engineer,5/21,6/23,N/A,N/A,N/A,N/A,N/A,N/A
494,State Providence College,3.03,Bachelors,Chicago,F,1,0,N/A,N/A,ML Engineer,5/21,6/23,N/A,N/A,N/A,N/A,N/A,N/A
495,State Providence College,3.03,Bachelors,Chicago,F,1,1,0.0,0.0,ML Engineer,5/21,6/23,N/A,N/A,N/A,N/A,N/A,N/A
496,State Providence College,3.03,Bachelors,Chicago,F,1,1,0.0,1.0,ML Engineer,5/21,6/23,N/A,N/A,N/A,N/A,N/A,N/A
497,State Providence College,3.03,Bachelors,Chicago,F,1,1,0.0,N/A,ML Engineer,5/21,6/23,N/A,N/A,N/A,N/A,N/A,N/A
498,State Providence College,3.03,Bachelors,Chicago,F,1,1,1.0,0.0,ML Engineer,5/21,6/23,N/A,N/A,N/A,N/A,N/A,N/A
499,State Providence College,3.03,Bachelors,Chicago,F,1,1,1.0,1.0,ML Engineer,5/21,6/23,N/A,N/A,N/A,N/A,N/A,N/A
500,State Providence College,3.03,Bachelors,Chicago,F,1,1,1.0,N/A,ML Engineer,5/21,6/23,N/A,N/A,N/A,N/A,N/A,N/A
501,State Providence College,3.03,Bachelors,Chicago,F,1,1,N/A,0.0,ML Engineer,5/21,6/23,N/A,N/A,N/A,N/A,N/A,N/A
502,State Providence College,3.03,Bachelors,Chicago,F,1,1,N/A,1.0,ML Engineer,5/21,6/23,N/A,N/A,N/A,N/A,N/A,N/A
503,State Providence College,3.03,Bachelors,Chicago,F,1,1,N/A,N/A,ML Engineer,5/21,6/23,N/A,N/A,N/A,N/A,N/A,N/A
504,State Providence College,3.03,Bachelors,Chicago,N/A,0,0,0.0,0.0,ML Engineer,5/21,6/23,N/A,N/A,N/A,N/A,N/A,N/A
505,State Providence College,3.03,Bachelors,Chicago,N/A,0,0,0.0,1.0,ML Engineer,5/21,6/23,N/A,N/A,N/A,N/A,N/A,N/A
506,State Providence College,3.03,Bachelors,Chicago,N/A,0,0,0.0,N/A,ML Engineer,5/21,6/23,N/A,N/A,N/A,N/A,N/A,N/A
507,State Providence College,3.03,Bachelors,Chicago,N/A,0,0,1.0,0.0,ML Engineer,5/21,6/23,N/A,N/A,N/A,N/A,N/A,N/A
508,State Providence College,3.03,Bachelors,Chicago,N/A,0,0,1.0,1.0,ML Engineer,5/21,6/23,N/A,N/A,N/A,N/A,N/A,N/A
509,State Providence College,3.03,Bachelors,Chicago,N/A,0,0,1.0,N/A,ML Engineer,5/21,6/23,N/A,N/A,N/A,N/A,N/A,N/A
510,State Providence College,3.03,Bachelors,Chicago,N/A,0,0,N/A,0.0,ML Engineer,5/21,6/23,N/A,N/A,N/A,N/A,N/A,N/A
511,State Providence College,3.03,Bachelors,Chicago,N/A,0,0,N/A,1.0,ML Engineer,5/21,6/23,N/A,N/A,N/A,N/A,N/A,N/A
512,State Providence College,3.03,Bachelors,Chicago,N/A,0,0,N/A,N/A,ML Engineer,5/21,6/23,N/A,N/A,N/A,N/A,N/A,N/A
513,State Providence College,3.03,Bachelors,Chicago,N/A,0,1,0.0,0.0,ML Engineer,5/21,6/23,N/A,N/A,N/A,N/A,N/A,N/A
514,State Providence College,3.03,Bachelors,Chicago,N/A,0,1,0.0,1.0,ML Engineer,5/21,6/23,N/A,N/A,N/A,N/A,N/A,N/A
515,State Providence College,3.03,Bachelors,Chicago,N/A,0,1,0.0,N/A,ML Engineer,5/21,6/23,N/A,N/A,N/A,N/A,N/A,N/A
516,State Providence College,3.03,Bachelors,Chicago,N/A,0,1,1.0,0.0,ML Engineer,5/21,6/23,N/A,N/A,N/A,N/A,N/A,N/A
517,State Providence College,3.03,Bachelors,Chicago,N/A,0,1,1.0,1.0,ML Engineer,5/21,6/23,N/A,N/A,N/A,N/A,N/A,N/A
518,State Providence College,3.03,Bachelors,Chicago,N/A,0,1,1.0,N/A,ML Engineer,5/21,6/23,N/A,N/A,N/A,N/A,N/A,N/A
519,State Providence College,3.03,Bachelors,Chicago,N/A,0,1,N/A,0.0,ML Engineer,5/21,6/23,N/A,N/A,N/A,N/A,N/A,N/A
520,State Providence College,3.03,Bachelors,Chicago,N/A,0,1,N/A,1.0,ML Engineer,5/21,6/23,N/A,N/A,N/A,N/A,N/A,N/A
521,State Providence College,3.03,Bachelors,Chicago,N/A,0,1,N/A,N/A,ML Engineer,5/21,6/23,N/A,N/A,N/A,N/A,N/A,N/A
522,State Providence College,3.03,Bachelors,Chicago,N/A,1,0,0.0,0.0,ML Engineer,5/21,6/23,N/A,N/A,N/A,N/A,N/A,N/A
523,State Providence College,3.03,Bachelors,Chicago,N/A,1,0,0.0,1.0,ML Engineer,5/21,6/23,N/A,N/A,N/A,N/A,N/A,N/A
524,State Providence College,3.03,Bachelors,Chicago,N/A,1,0,0.0,N/A,ML Engineer,5/21,6/23,N/A,N/A,N/A,N/A,N/A,N/A
525,State Providence College,3.03,Bachelors,Chicago,N/A,1,0,1.0,0.0,ML Engineer,5/21,6/23,N/A,N/A,N/A,N/A,N/A,N/A
526,State Providence College,3.03,Bachelors,Chicago,N/A,1,0,1.0,1.0,ML Engineer,5/21,6/23,N/A,N/A,N/A,N/A,N/A,N/A
527,State Providence College,3.03,Bachelors,Chicago,N/A,1,0,1.0,N/A,ML Engineer,5/21,6/23,N/A,N/A,N/A,N/A,N/A,N/A
528,State Providence College,3.03,Bachelors,Chicago,N/A,1,0,N/A,0.0,ML Engineer,5/21,6/23,N/A,N/A,N/A,N/A,N/A,N/A
529,State Providence College,3.03,Bachelors,Chicago,N/A,1,0,N/A,1.0,ML Engineer,5/21,6/23,N/A,N/A,N/A,N/A,N/A,N/A
530,State Providence College,3.03,Bachelors,Chicago,N/A,1,0,N/A,N/A,ML Engineer,5/21,6/23,N/A,N/A,N/A,N/A,N/A,N/A
531,State Providence College,3.03,Bachelors,Chicago,N/A,1,1,0.0,0.0,ML Engineer,5/21,6/23,N/A,N/A,N/A,N/A,N/A,N/A
532,State Providence College,3.03,Bachelors,Chicago,N/A,1,1,0.0,1.0,ML Engineer,5/21,6/23,N/A,N/A,N/A,N/A,N/A,N/A
533,State Providence College,3.03,Bachelors,Chicago,N/A,1,1,0.0,N/A,ML Engineer,5/21,6/23,N/A,N/A,N/A,N/A,N/A,N/A
534,State Providence College,3.03,Bachelors,Chicago,N/A,1,1,1.0,0.0,ML Engineer,5/21,6/23,N/A,N/A,N/A,N/A,N/A,N/A
535,State Providence College,3.03,Bachelors,Chicago,N/A,1,1,1.0,1.0,ML Engineer,5/21,6/23,N/A,N/A,N/A,N/A,N/A,N/A
536,State Providence College,3.03,Bachelors,Chicago,N/A,1,1,1.0,N/A,ML Engineer,5/21,6/23,N/A,N/A,N/A,N/A,N/A,N/A
537,State Providence College,3.03,Bachelors,Chicago,N/A,1,1,N/A,0.0,ML Engineer,5/21,6/23,N/A,N/A,N/A,N/A,N/A,N/A
538,State Providence College,3.03,Bachelors,Chicago,N/A,1,1,N/A,1.0,ML Engineer,5/21,6/23,N/A,N/A,N/A,N/A,N/A,N/A
539,State Providence College,3.03,Bachelors,Chicago,N/A,1,1,N/A,N/A,ML Engineer,5/21,6/23,N/A,N/A,N/A,N/A,N/A,N/A