Applicant ID,School Name,GPA,Degree,Location,Gender,Veteran status,Work authorization,Disability,Ethnicity,Role 1,Start 1,End 1,Role 2,Start 2,End 2,Role 3,Start 3,End 3,score,prediction
0,Providence University,3.81,Bachelors,Providence,M,0,0,0.0,0.0,Junior SWE,5/20,N/A,N/A,N/A,N/A,N/A,N/A,N/A,4.35,1
1,Providence University,3.81,Bachelors,Providence,M,0,0,0.0,1.0,Junior SWE,5/20,N/A,N/A,N/A,N/A,N/A,N/A,N/A,7.17,0
2,Providence University,3.81,Bachelors,Providence,M,0,0,0.0,N/A,Junior SWE,5/20,N/A,N/A,N/A,N/A,N/A,N/A,N/A,7.37,1
3,Providence University,3.81,Bachelors,Providence,M,0,0,1.0,0.0,Junior SWE,5/20,N/A,N/A,N/A,N/A,N/A,N/A,N/A,3.2,1
4,Providence University,3.81,Bachelors,Providence,M,0,0,1.0,1.0,Junior SWE,5/20,N/A,N/A,N/A,N/A,N/A,N/A,N/A,0.56,0
5,Providence University,3.81,Bachelors,Providence,M,0,0,1.0,N/A,Junior SWE,5/20,N/A,N/A,N/A,N/A,N/A,N/A,N/A,9.19,1
6,Providence University,3.81,Bachelors,Providence,M,0,0,N/A,0.0,Junior SWE,5/20,N/A,N/A,N/A,N/A,N/A,N/A,N/A,7.44,1
7,Providence University,3.81,Bachelors,Providence,M,0,0,N/A,1.0,Junior SWE,5/20,N/A,N/A,N/A,N/A,N/A,N/A,N/A,5.07,1
8,Providence University,3.81,Bachelors,Providence,M,0,0,N/A,N/A,Junior SWE,5/20,N/A,N/A,N/A,N/A,N/A,N/A,N/A,4.4,1
9,Providence University,3.81,Bachelors,Providence,M,0,1,0.0,0.0,Junior SWE,5/20,N/A,N/A,N/A,N/A,N/A,N/A,N/A,4.87,1
10,Providence University,3.81,Bachelors,Providence,M,0,1,0.0,1.0,Junior SWE,5/20,N/A,N/A,N/A,N/A,N/A,N/A,N/A,3.1,0
11,Providence University,3.81,Bachelors,Providence,M,0,1,0.0,N/A,Junior SWE,5/20,N/A,N/A,N/A,N/A,N/A,N/A,N/A,8.64,1
12,Providence University,3.81,Bachelors,Providence,M,0,1,1.0,0.0,Junior SWE,5/20,N/A,N/A,N/A,N/A,N/A,N/A,N/A,6.79,0
13,Providence University,3.81,Bachelors,Providence,M,0,1,1.0,1.0,Junior SWE,5/20,N/A,N/A,N/A,N/A,N/A,N/A,N/A,3.87,1
14,Providence University,3.81,Bachelors,Providence,M,0,1,1.0,N/A,Junior SWE,5/20,N/A,N/A,N/A,N/A,N/A,N/A,N/A,0.39,1
15,Providence University,3.81,Bachelors,Providence,M,0,1,N/A,0.0,Junior SWE,5/20,N/A,N/A,N/A,N/A,N/A,N/A,N/A,1.46,1
16,Providence University,3.81,Bachelors,Providence,M,0,1,N/A,1.0,Junior SWE,5/20,N/A,N/A,N/A,N/A,N/A,N/A,N/A,1.83,1
17,Providence University,3.81,Bachelors,Providence,M,0,1,N/A,N/A,Junior SWE,5/20,N/A,N/A,N/A,N/A,N/A,N/A,N/A,3.3,0
18,Providence University,3.81,Bachelors,Providence,M,1,0,0.0,0.0,Junior SWE,5/20,N/A,N/A,N/A,N/A,N/A,N/A,N/A,9.81,1
19,Providence University,3.81,Bachelors,Providence,M,1,0,0.0,1.0,Junior SWE,5/20,N/A,N/A,N/A,N/A,N/A,N/A,N/A,3.98,0
20,Providence University,3.81,Bachelors,Providence,M,1,0,0.0,N/A,Junior SWE,5/20,N/A,N/A,N/A,N/A,N/A,N/A,N/A,3.23,0
21,Providence University,3.81,Bachelors,Providence,M,1,0,1.0,0.0,Junior SWE,5/20,N/A,N/A,N/A,N/A,N/A,N/A,N/A,7.33,1
22,Providence University,3.81,Bachelors,Providence,M,1,0,1.0,1.0,Junior SWE,5/20,N/A,N/A,N/A,N/A,N/A,N/A,N/A,1.85,0
23,Providence University,3.81,Bachelors,Providence,M,1,0,1.0,N/A,Junior SWE,5/20,N/A,N/A,N/A,N/A,N/A,N/A,N/A,4.65,0
24,Providence University,3.81,Bachelors,Providence,M,1,0,N/A,0.0,Junior SWE,5/20,N/A,N/A,N/A,N/A,N/A,N/A,N/A,3.74,0
25,Providence University,3.81,Bachelors,Providence,M,1,0,N/A,1.0,Junior SWE,5/20,N/A,N/A,N/A,N/A,N/A,N/A,N/A,3.39,1
26,Providence University,3.81,Bachelors,Providence,M,1,0,N/A,N/A,Junior SWE,5/20,N/A,N/A,N/A,N/A,N/A,N/A,N/A,6.9,0
27,Providence University,3.81,Bachelors,Providence,M,1,1,0.0,0.0,Junior SWE,5/20,N/A,N/A,N/A,N/A,N/A,N/A,N/A,8.54,1
28,Providence University,3.81,Bachelors,Providence,M,1,1,0.0,1.0,Junior SWE,5/20,N/A,N/A,N/A,N/A,N/A,N/A,N/A,1.14,0
29,Providence University,3.81,Bachelors,Providence,M,1,1,0.0,N/A,Junior SWE,5/20,N/A,N/A,N/A,N/A,N/A,N/A,N/A,6.7,0
30,Providence University,3.81,Bachelors,Providence,M,1,1,1.0,0.0,Junior SWE,5/20,N/A,N/A,N/A,N/A,N/A,N/A,N/A,3.07,1
31,Providence University,3.81,Bachelors,Providence,M,1,1,1.0,1.0,Junior SWE,5/20,N/A,N/A,N/A,N/A,N/A,N/A,N/A,8.29,1
32,Providence University,3.81,Bachelors,Providence,M,1,1,1.0,N/A,Junior SWE,5/20,N/A,N/A,N/A,N/A,N/A,N/A,N/A,3.67,1
33,Providence University,3.81,Bachelors,Providence,M,1,1,N/A,0.0,Junior SWE,5/20,N/A,N/A,N/A,N/A,N/A,N/A,N/A,3.12,1
34,Providence University,3.81,Bachelors,Providence,M,1,1,N/A,1.0,Junior SWE,5/20,N/A,N/A,N/A,N/A,N/A,N/A,N/A,2.07,1
35,Providence University,3.81,Bachelors,Providence,M,1,1,N/A,N/A,Junior SWE,5/20,N/A,N/A,N/A,N/A,N/A,N/A,N/A,0.56,1
36,Providence University,3.81,Bachelors,Providence,F,0,0,0.0,0.0,Junior SWE,5/20,N/A,N/A,N/A,N/A,N/A,N/A,N/A,5.94,1
37,Providence University,3.81,Bachelors,Providence,F,0,0,0.0,1.0,Junior SWE,5/20,N/A,N/A,N/A,N/A,N/A,N/A,N/A,9.74,0
38,Providence University,3.81,Bachelors,Providence,F,0,0,0.0,N/A,Junior SWE,5/20,N/A,N/A,N/A,N/A,N/A,N/A,N/A,4.89,1
39,Providence University,3.81,Bachelors,Providence,F,0,0,1.0,0.0,Junior SWE,5/20,N/A,N/A,N/A,N/A,N/A,N/A,N/A,7.25,0
40,Providence University,3.81,Bachelors,Providence,F,0,0,1.0,1.0,Junior SWE,5/20,N/A,N/A,N/A,N/A,N/A,N/A,N/A,8.29,0
41,Providence University,3.81,Bachelors,Providence,F,0,0,1.0,N/A,Junior SWE,5/20,N/A,N/A,N/A,N/A,N/A,N/A,N/A,7.95,0
42,Providence University,3.81,Bachelors,Providence,F,0,0,N/A,0.0,Junior SWE,5/20,N/A,N/A,N/A,N/A,N/A,N/A,N/A,5.09,0
43,Providence University,3.81,Bachelors,Providence,F,0,0,N/A,1.0,Junior SWE,5/20,N/A,N/A,N/A,N/A,N/A,N/A,N/A,2.07,1
44,Providence University,3.81,Bachelors,Providence,F,0,0,N/A,N/A,Junior SWE,5/20,N/A,N/A,N/A,N/A,N/A,N/A,N/A,1.82,0
45,Providence University,3.81,Bachelors,Providence,F,0,1,0.0,0.0,Junior SWE,5/20,N/A,N/A,N/A,N/A,N/A,N/A,N/A,4.48,0
46,Providence University,3.81,Bachelors,Providence,F,0,1,0.0,1.0,Junior SWE,5/20,N/A,N/A,N/A,N/A,N/A,N/A,N/A,1.9,0
47,Providence University,3.81,Bachelors,Providence,F,0,1,0.0,N/A,Junior SWE,5/20,N/A,N/A,N/A,N/A,N/A,N/A,N/A,6.11,1
48,Providence University,3.81,Bachelors,Providence,F,0,1,1.0,0.0,Junior SWE,5/20,N/A,N/A,N/A,N/A,N/A,N/A,N/A,5.13,1
49,Providence University,3.81,Bachelors,Providence,F,0,1,1.0,1.0,Junior SWE,5/20,N/A,N/A,N/A,N/A,N/A,N/A,N/A,5.87,0
50,Providence University,3.81,Bachelors,Providence,F,0,1,1.0,N/A,Junior SWE,5/20,N/A,N/A,N/A,N/A,N/A,N/A,N/A,2.52,1
51,Providence University,3.81,Bachelors,Providence,F,0,1,N/A,0.0,Junior SWE,5/20,N/A,N/A,N/A,N/A,N/A,N/A,N/A,1.05,0
52,Providence University,3.81,Bachelors,Providence,F,0,1,N/A,1.0,Junior SWE,5/20,N/A,N/A,N/A,N/A,N/A,N/A,N/A,1.0,0
53,Providence University,3.81,Bachelors,Providence,F,0,1,N/A,N/A,Junior SWE,5/20,N/A,N/A,N/A,N/A,N/A,N/A,N/A,1.05,0
54,Providence University,3.81,Bachelors,Providence,F,1,0,0.0,0.0,Junior SWE,5/20,N/A,N/A,N/A,N/A,N/A,N/A,N/A,6.3,0
55,Providence University,3.81,Bachelors,Providence,F,1,0,0.0,1.0,Junior SWE,5/20,N/A,N/A,N/A,N/A,N/A,N/A,N/A,0.06,1
56,Providence University,3.81,Bachelors,Providence,F,1,0,0.0,N/A,Junior SWE,5/20,N/A,N/A,N/A,N/A,N/A,N/A,N/A,0.25,0
57,Providence University,3.81,Bachelors,Providence,F,1,0,1.0,0.0,Junior SWE,5/20,N/A,N/A,N/A,N/A,N/A,N/A,N/A,9.95,1
58,Providence University,3.81,Bachelors,Providence,F,1,0,1.0,1.0,Junior SWE,5/20,N/A,N/A,N/A,N/A,N/A,N/A,N/A,4.16,0
59,Providence University,3.81,Bachelors,Providence,F,1,0,1.0,N/A,Junior SWE,5/20,N/A,N/A,N/A,N/A,N/A,N/A,N/A,0.84,0
60,Providence University,3.81,Bachelors,Providence,F,1,0,N/A,0.0,Junior SWE,5/20,N/A,N/A,N/A,N/A,N/A,N/A,N/A,1.34,1
61,Providence University,3.81,Bachelors,Providence,F,1,0,N/A,1.0,Junior SWE,5/20,N/A,N/A,N/A,N/A,N/A,N/A,N/A,8.62,1
62,Providence University,3.81,Bachelors,Providence,F,1,0,N/A,N/A,Junior SWE,5/20,N/A,N/A,N/A,N/A,N/A,N/A,N/A,1.14,0
63,Providence University,3.81,Bachelors,Providence,F,1,1,0.0,0.0,Junior SWE,5/20,N/A,N/A,N/A,N/A,N/A,N/A,N/A,0.65,1
64,Providence University,3.81,Bachelors,Providence,F,1,1,0.0,1.0,Junior SWE,5/20,N/A,N/A,N/A,N/A,N/A,N/A,N/A,6.65,0
65,Providence University,3.81,Bachelors,Providence,F,1,1,0.0,N/A,Junior SWE,5/20,N/A,N/A,N/A,N/A,N/A,N/A,N/A,5.07,1
66,Providence University,3.81,Bachelors,Providence,F,1,1,1.0,0.0,Junior SWE,5/20,N/A,N/A,N/A,N/A,N/A,N/A,N/A,5.46,1
67,Providence University,3.81,Bachelors,Providence,F,1,1,1.0,1.0,Junior SWE,5/20,N/A,N/A,N/A,N/A,N/A,N/A,N/A,0.31,0
68,Providence University,3.81,Bachelors,Providence,F,1,1,1.0,N/A,Junior SWE,5/20,N/A,N/A,N/A,N/A,N/A,N/A,N/A,3.2,1
69,Providence University,3.81,Bachelors,Providence,F,1,1,N/A,0.0,Junior SWE,5/20,N/A,N/A,N/A,N/A,N/A,N/A,N/A,2.62,1
70,Providence University,3.81,Bachelors,Providence,F,1,1,N/A,1.0,Junior SWE,5/20,N/A,N/A,N/A,N/A,N/A,N/A,N/A,6.53,1
71,Providence University,3.81,Bachelors,Providence,F,1,1,N/A,N/A,Junior SWE,5/20,N/A,N/A,N/A,N/A,N/A,N/A,N/A,9.68,0
72,Providence University,3.81,Bachelors,Providence,N/A,0,0,0.0,0.0,Junior SWE,5/20,N/A,N/A,N/A,N/A,N/A,N/A,N/A,3.46,0
73,Providence University,3.81,Bachelors,Providence,N/A,0,0,0.0,1.0,Junior SWE,5/20,N/A,N/A,N/A,N/A,N/A,N/A,N/A,3.81,0
74,Providence University,3.81,Bachelors,Providence,N/A,0,0,0.0,N/A,Junior SWE,5/20,N/A,N/A,N/A,N/A,N/A,N/A,N/A,1.24,0
75,Providence University,3.81,Bachelors,Providence,N/A,0,0,1.0,0.0,Junior SWE,5/20,N/A,N/A,N/A,N/A,N/A,N/A,N/A,6.7,0
76,Providence University,3.81,Bachelors,Providence,N/A,0,0,1.0,1.0,Junior SWE,5/20,N/A,N/A,N/A,N/A,N/A,N/A,N/A,5.08,0
77,Providence University,3.81,Bachelors,Providence,N/A,0,0,1.0,N/A,Junior SWE,5/20,N/A,N/A,N/A,N/A,N/A,N/A,N/A,0.28,0
78,Providence University,3.81,Bachelors,Providence,N/A,0,0,N/A,0.0,Junior SWE,5/20,N/A,N/A,N/A,N/A,N/A,N/A,N/A,8.55,0
79,Providence University,3.81,Bachelors,Providence,N/A,0,0,N/A,1.0,Junior SWE,5/20,N/A,N/A,N/A,N/A,N/A,N/A,N/A,3.75,0
80,Providence University,3.81,Bachelors,Providence,N/A,0,0,N/A,N/A,Junior SWE,5/20,N/A,N/A,N/A,N/A,N/A,N/A,N/A,8.12,0
81,Providence University,3.81,Bachelors,Providence,N/A,0,1,0.0,0.0,Junior SWE,5/20,N/A,N/A,N/A,N/A,N/A,N/A,N/A,7.89,0
82,Providence University,3.81,Bachelors,Providence,N/A,0,1,0.0,1.0,Junior SWE,5/20,N/A,N/A,N/A,N/A,N/A,N/A,N/A,2.35,0
83,Providence University,3.81,Bachelors,Providence,N/A,0,1,0.0,N/A,Junior SWE,5/20,N/A,N/A,N/A,N/A,N/A,N/A,N/A,8.39,0
84,Providence University,3.81,Bachelors,Providence,N/A,0,1,1.0,0.0,Junior SWE,5/20,N/A,N/A,N/A,N/A,N/A,N/A,N/A,2.95,0
85,Providence University,3.81,Bachelors,Providence,N/A,0,1,1.0,1.0,Junior SWE,5/20,N/A,N/A,N/A,N/A,N/A,N/A,N/A,6.11,0
86,Providence University,3.81,Bachelors,Providence,N/A,0,1,1.0,N/A,Junior SWE,5/20,N/A,N/A,N/A,N/A,N/A,N/A,N/A,1.33,0
87,Providence University,3.81,Bachelors,Providence,N/A,0,1,N/A,0.0,Junior SWE,5/20,N/A,N/A,N/A,N/A,N/A,N/A,N/A,8.78,0
88,Providence University,3.81,Bachelors,Providence,N/A,0,1,N/A,1.0,Junior SWE,5/20,N/A,N/A,N/A,N/A,N/A,N/A,N/A,7.39,0
89,Providence University,3.81,Bachelors,Providence,N/A,0,1,N/A,N/A,Junior SWE,5/20,N/A,N/A,N/A,N/A,N/A,N/A,N/A,3.08,0
90,Providence University,3.81,Bachelors,Providence,N/A,1,0,0.0,0.0,Junior SWE,5/20,N/A,N/A,N/A,N/A,N/A,N/A,N/A,7.97,0
91,Providence University,3.81,Bachelors,Providence,N/A,1,0,0.0,1.0,Junior SWE,5/20,N/A,N/A,N/A,N/A,N/A,N/A,N/A,5.42,0
92,Providence University,3.81,Bachelors,Providence,N/A,1,0,0.0,N/A,Junior SWE,5/20,N/A,N/A,N/A,N/A,N/A,N/A,N/A,7.88,0
93,Providence University,3.81,Bachelors,Providence,N/A,1,0,1.0,0.0,Junior SWE,5/20,N/A,N/A,N/A,N/A,N/A,N/A,N/A,5.13,0
94,Providence University,3.81,Bachelors,Providence,N/A,1,0,1.0,1.0,Junior SWE,5/20,N/A,N/A,N/A,N/A,N/A,N/A,N/A,9.85,0
95,Providence University,3.81,Bachelors,Providence,N/A,1,0,1.0,N/A,Junior SWE,5/20,N/A,N/A,N/A,N/A,N/A,N/A,N/A,1.69,0
96,Providence University,3.81,Bachelors,Providence,N/A,1,0,N/A,0.0,Junior SWE,5/20,N/A,N/A,N/A,N/A,N/A,N/A,N/A,6.93,0
97,Providence University,3.81,Bachelors,Providence,N/A,1,0,N/A,1.0,Junior SWE,5/20,N/A,N/A,N/A,N/A,N/A,N/A,N/A,0.43,0
98,Providence University,3.81,Bachelors,Providence,N/A,1,0,N/A,N/A,Junior SWE,5/20,N/A,N/A,N/A,N/A,N/A,N/A,N/A,6.85,0
99,Providence University,3.81,Bachelors,Providence,N/A,1,1,0.0,0.0,Junior SWE,5/20,N/A,N/A,N/A,N/A,N/A,N/A,N/A,7.23,0
100,Providence University,3.81,Bachelors,Providence,N/A,1,1,0.0,1.0,Junior SWE,5/20,N/A,N/A,N/A,N/A,N/A,N/A,N/A,9.93,0
101,Providence University,3.81,Bachelors,Providence,N/A,1,1,0.0,N/A,Junior SWE,5/20,N/A,N/A,N/A,N/A,N/A,N/A,N/A,6.85,0
102,Providence University,3.81,Bachelors,Providence,N/A,1,1,1.0,0.0,Junior SWE,5/20,N/A,N/A,N/A,N/A,N/A,N/A,N/A,3.78,0
103,Providence University,3.81,Bachelors,Providence,N/A,1,1,1.0,1.0,Junior SWE,5/20,N/A,N/A,N/A,N/A,N/A,N/A,N/A,8.16,0
104,Providence University,3.81,Bachelors,Providence,N/A,1,1,1.0,N/A,Junior SWE,5/20,N/A,N/A,N/A,N/A,N/A,N/A,N/A,9.19,0
105,Providence University,3.81,Bachelors,Providence,N/A,1,1,N/A,0.0,Junior SWE,5/20,N/A,N/A,N/A,N/A,N/A,N/A,N/A,8.68,0
106,Providence University,3.81,Bachelors,Providence,N/A,1,1,N/A,1.0,Junior SWE,5/20,N/A,N/A,N/A,N/A,N/A,N/A,N/A,5.21,0
107,Providence University,3.81,Bachelors,Providence,N/A,1,1,N/A,N/A,Junior SWE,5/20,N/A,N/A,N/A,N/A,N/A,N/A,N/A,9.3,0
108,Providence State University,3.62,Phd,Boston,M,0,0,0.0,0.0,Senior SWE,2/23,N/A,Junior SWE,2/23,5/20,Research Assistant,2/18,5/20,7.88,0
109,Providence State University,3.62,Phd,Boston,M,0,0,0.0,1.0,Senior SWE,2/23,N/A,Junior SWE,2/23,5/20,Research Assistant,2/18,5/20,0.34,0
110,Providence State University,3.62,Phd,Boston,M,0,0,0.0,N/A,Senior SWE,2/23,N/A,Junior SWE,2/23,5/20,Research Assistant,2/18,5/20,5.78,0
111,Providence State University,3.62,Phd,Boston,M,0,0,1.0,0.0,Senior SWE,2/23,N/A,Junior SWE,2/23,5/20,Research Assistant,2/18,5/20,9.51,0
112,Providence State University,3.62,Phd,Boston,M,0,0,1.0,1.0,Senior SWE,2/23,N/A,Junior SWE,2/23,5/20,Research Assistant,2/18,5/20,4.73,0
113,Providence State University,3.62,Phd,Boston,M,0,0,1.0,N/A,Senior SWE,2/23,N/A,Junior SWE,2/23,5/20,Research Assistant,2/18,5/20,3.66,0
114,Providence State University,3.62,Phd,Boston,M,0,0,N/A,0.0,Senior SWE,2/23,N/A,Junior SWE,2/23,5/20,Research Assistant,2/18,5/20,3.16,0
115,Providence State University,3.62,Phd,Boston,M,0,0,N/A,1.0,Senior SWE,2/23,N/A,Junior SWE,2/23,5/20,Research Assistant,2/18,5/20,1.99,0
116,Providence State University,3.62,Phd,Boston,M,0,0,N/A,N/A,Senior SWE,2/23,N/A,Junior SWE,2/23,5/20,Research Assistant,2/18,5/20,1.25,0
117,Providence State University,3.62,Phd,Boston,M,0,1,0.0,0.0,Senior SWE,2/23,N/A,Junior SWE,2/23,5/20,Research Assistant,2/18,5/20,8.23,0
118,Providence State University,3.62,Phd,Boston,M,0,1,0.0,1.0,Senior SWE,2/23,N/A,Junior SWE,2/23,5/20,Research Assistant,2/18,5/20,3.43,0
119,Providence State University,3.62,Phd,Boston,M,0,1,0.0,N/A,Senior SWE,2/23,N/A,Junior SWE,2/23,5/20,Research Assistant,2/18,5/20,4.13,0
120,Providence State University,3.62,Phd,Boston,M,0,1,1.0,0.0,Senior SWE,2/23,N/A,Junior SWE,2/23,5/20,Research Assistant,2/18,5/20,8.17,0
121,Providence State University,3.62,Phd,Boston,M,0,1,1.0,1.0,Senior SWE,2/23,N/A,Junior SWE,2/23,5/20,Research Assistant,2/18,5/20,7.83,0
122,Providence State University,3.62,Phd,Boston,M,0,1,1.0,N/A,Senior SWE,2/23,N/A,Junior SWE,2/23,5/20,Research Assistant,2/18,5/20,9.96,0
123,Providence State University,3.62,Phd,Boston,M,0,1,N/A,0.0,Senior SWE,2/23,N/A,Junior SWE,2/23,5/20,Research Assistant,2/18,5/20,9.04,0
124,Providence State University,3.62,Phd,Boston,M,0,1,N/A,1.0,Senior SWE,2/23,N/A,Junior SWE,2/23,5/20,Research Assistant,2/18,5/20,4.84,0
125,Providence State University,3.62,Phd,Boston,M,0,1,N/A,N/A,Senior SWE,2/23,N/A,Junior SWE,2/23,5/20,Research Assistant,2/18,5/20,7.11,0
126,Providence State University,3.62,Phd,Boston,M,1,0,0.0,0.0,Senior SWE,2/23,N/A,Junior SWE,2/23,5/20,Research Assistant,2/18,5/20,3.14,0
127,Providence State University,3.62,Phd,Boston,M,1,0,0.0,1.0,Senior SWE,2/23,N/A,Junior SWE,2/23,5/20,Research Assistant,2/18,5/20,2.11,0
128,Providence State University,3.62,Phd,Boston,M,1,0,0.0,N/A,Senior SWE,2/23,N/A,Junior SWE,2/23,5/20,Research Assistant,2/18,5/20,6.41,0
129,Providence State University,3.62,Phd,Boston,M,1,0,1.0,0.0,Senior SWE,2/23,N/A,Junior SWE,2/23,5/20,Research Assistant,2/18,5/20,3.29,0
130,Providence State University,3.62,Phd,Boston,M,1,0,1.0,1.0,Senior SWE,2/23,N/A,Junior SWE,2/23,5/20,Research Assistant,2/18,5/20,7.76,0
131,Providence State University,3.62,Phd,Boston,M,1,0,1.0,N/A,Senior SWE,2/23,N/A,Junior SWE,2/23,5/20,Research Assistant,2/18,5/20,2.03,0
132,Providence State University,3.62,Phd,Boston,M,1,0,N/A,0.0,Senior SWE,2/23,N/A,Junior SWE,2/23,5/20,Research Assistant,2/18,5/20,6.76,0
133,Providence State University,3.62,Phd,Boston,M,1,0,N/A,1.0,Senior SWE,2/23,N/A,Junior SWE,2/23,5/20,Research Assistant,2/18,5/20,9.45,0
134,Providence State University,3.62,Phd,Boston,M,1,0,N/A,N/A,Senior SWE,2/23,N/A,Junior SWE,2/23,5/20,Research Assistant,2/18,5/20,8.56,0
135,Providence State University,3.62,Phd,Boston,M,1,1,0.0,0.0,Senior SWE,2/23,N/A,Junior SWE,2/23,5/20,Research Assistant,2/18,5/20,2.02,0
136,Providence State University,3.62,Phd,Boston,M,1,1,0.0,1.0,Senior SWE,2/23,N/A,Junior SWE,2/23,5/20,Research Assistant,2/18,5/20,1.64,0
137,Providence State University,3.62,Phd,Boston,M,1,1,0.0,N/A,Senior SWE,2/23,N/A,Junior SWE,2/23,5/20,Research Assistant,2/18,5/20,2.3,0
138,Providence State University,3.62,Phd,Boston,M,1,1,1.0,0.0,Senior SWE,2/23,N/A,Junior SWE,2/23,5/20,Research Assistant,2/18,5/20,3.52,0
139,Providence State University,3.62,Phd,Boston,M,1,1,1.0,1.0,Senior SWE,2/23,N/A,Junior SWE,2/23,5/20,Research Assistant,2/18,5/20,9.41,0
140,Providence State University,3.62,Phd,Boston,M,1,1,1.0,N/A,Senior SWE,2/23,N/A,Junior SWE,2/23,5/20,Research Assistant,2/18,5/20,0.23,0
141,Providence State University,3.62,Phd,Boston,M,1,1,N/A,0.0,Senior SWE,2/23,N/A,Junior SWE,2/23,5/20,Research Assistant,2/18,5/20,2.72,0
142,Providence State University,3.62,Phd,Boston,M,1,1,N/A,1.0,Senior SWE,2/23,N/A,Junior SWE,2/23,5/20,Research Assistant,2/18,5/20,1.7,0
143,Providence State University,3.62,Phd,Boston,M,1,1,N/A,N/A,Senior SWE,2/23,N/A,Junior SWE,2/23,5/20,Research Assistant,2/18,5/20,2.21,0
144,Providence State University,3.62,Phd,Boston,F,0,0,0.0,0.0,Senior SWE,2/23,N/A,Junior SWE,2/23,5/20,Research Assistant,2/18,5/20,9.42,0
145,Providence State University,3.62,Phd,Boston,F,0,0,0.0,1.0,Senior SWE,2/23,N/A,Junior SWE,2/23,5/20,Research Assistant,2/18,5/20,6.04,0
146,Providence State University,3.62,Phd,Boston,F,0,0,0.0,N/A,Senior SWE,2/23,N/A,Junior SWE,2/23,5/20,Research Assistant,2/18,5/20,2.12,0
147,Providence State University,3.62,Phd,Boston,F,0,0,1.0,0.0,Senior SWE,2/23,N/A,Junior SWE,2/23,5/20,Research Assistant,2/18,5/20,8.93,0
148,Providence State University,3.62,Phd,Boston,F,0,0,1.0,1.0,Senior SWE,2/23,N/A,Junior SWE,2/23,5/20,Research Assistant,2/18,5/20,0.82,0
149,Providence State University,3.62,Phd,Boston,F,0,0,1.0,N/A,Senior SWE,2/23,N/A,Junior SWE,2/23,5/20,Research Assistant,2/18,5/20,2.59,0
150,Providence State University,3.62,Phd,Boston,F,0,0,N/A,0.0,Senior SWE,2/23,N/A,Junior SWE,2/23,5/20,Research Assistant,2/18,5/20,2.61,0
151,Providence State University,3.62,Phd,Boston,F,0,0,N/A,1.0,Senior SWE,2/23,N/A,Junior SWE,2/23,5/20,Research Assistant,2/18,5/20,1.67,0
152,Providence State University,3.62,Phd,Boston,F,0,0,N/A,N/A,Senior SWE,2/23,N/A,Junior SWE,2/23,5/20,Research Assistant,2/18,5/20,5.21,0
153,Providence State University,3.62,Phd,Boston,F,0,1,0.0,0.0,Senior SWE,2/23,N/A,Junior SWE,2/23,5/20,Research Assistant,2/18,5/20,5.74,0
154,Providence State University,3.62,Phd,Boston,F,0,1,0.0,1.0,Senior SWE,2/23,N/A,Junior SWE,2/23,5/20,Research Assistant,2/18,5/20,4.33,0
155,Providence State University,3.62,Phd,Boston,F,0,1,0.0,N/A,Senior SWE,2/23,N/A,Junior SWE,2/23,5/20,Research Assistant,2/18,5/20,0.83,0
156,Providence State University,3.62,Phd,Boston,F,0,1,1.0,0.0,Senior SWE,2/23,N/A,Junior SWE,2/23,5/20,Research Assistant,2/18,5/20,5.27,0
157,Providence State University,3.62,Phd,Boston,F,0,1,1.0,1.0,Senior SWE,2/23,N/A,Junior SWE,2/23,5/20,Research Assistant,2/18,5/20,2.37,0
158,Providence State University,3.62,Phd,Boston,F,0,1,1.0,N/A,Senior SWE,2/23,N/A,Junior SWE,2/23,5/20,Research Assistant,2/18,5/20,3.96,0
159,Providence State University,3.62,Phd,Boston,F,0,1,N/A,0.0,Senior SWE,2/23,N/A,Junior SWE,2/23,5/20,Research Assistant,2/18,5/20,6.31,0
160,Providence State University,3.62,Phd,Boston,F,0,1,N/A,1.0,Senior SWE,2/23,N/A,Junior SWE,2/23,5/20,Research Assistant,2/18,5/20,2.77,0
161,Providence State University,3.62,Phd,Boston,F,0,1,N/A,N/A,Senior SWE,2/23,N/A,Junior SWE,2/23,5/20,Research Assistant,2/18,5/20,4.93,0
162,Providence State University,3.62,Phd,Boston,F,1,0,0.0,0.0,Senior SWE,2/23,N/A,Junior SWE,2/23,5/20,Research Assistant,2/18,5/20,9.18,0
163,Providence State University,3.62,Phd,Boston,F,1,0,0.0,1.0,Senior SWE,2/23,N/A,Junior SWE,2/23,5/20,Research Assistant,2/18,5/20,3.05,0
164,Providence State University,3.62,Phd,Boston,F,1,0,0.0,N/A,Senior SWE,2/23,N/A,Junior SWE,2/23,5/20,Research Assistant,2/18,5/20,9.33,0
165,Providence State University,3.62,Phd,Boston,F,1,0,1.0,0.0,Senior SWE,2/23,N/A,Junior SWE,2/23,5/20,Research Assistant,2/18,5/20,8.18,0
166,Providence State University,3.62,Phd,Boston,F,1,0,1.0,1.0,Senior SWE,2/23,N/A,Junior SWE,2/23,5/20,Research Assistant,2/18,5/20,3.71,0
167,Providence State University,3.62,Phd,Boston,F,1,0,1.0,N/A,Senior SWE,2/23,N/A,Junior SWE,2/23,5/20,Research Assistant,2/18,5/20,6.4,0
168,Providence State University,3.62,Phd,Boston,F,1,0,N/A,0.0,Senior SWE,2/23,N/A,Junior SWE,2/23,5/20,Research Assistant,2/18,5/20,5.29,0
169,Providence State University,3.62,Phd,Boston,F,1,0,N/A,1.0,Senior SWE,2/23,N/A,Junior SWE,2/23,5/20,Research Assistant,2/18,5/20,7.87,0
170,Providence State University,3.62,Phd,Boston,F,1,0,N/A,N/A,Senior SWE,2/23,N/A,Junior SWE,2/23,5/20,Research Assistant,2/18,5/20,6.68,0
171,Providence State University,3.62,Phd,Boston,F,1,1,0.0,0.0,Senior SWE,2/23,N/A,Junior SWE,2/23,5/20,Research Assistant,2/18,5/20,6.64,0
172,Providence State University,3.62,Phd,Boston,F,1,1,0.0,1.0,Senior SWE,2/23,N/A,Junior SWE,2/23,5/20,Research Assistant,2/18,5/20,1.67,0
173,Providence State University,3.62,Phd,Boston,F,1,1,0.0,N/A,Senior SWE,2/23,N/A,Junior SWE,2/23,5/20,Research Assistant,2/18,5/20,2.53,0
174,Providence State University,3.62,Phd,Boston,F,1,1,1.0,0.0,Senior SWE,2/23,N/A,Junior SWE,2/23,5/20,Research Assistant,2/18,5/20,0.26,0
175,Providence State University,3.62,Phd,Boston,F,1,1,1.0,1.0,Senior SWE,2/23,N/A,Junior SWE,2/23,5/20,Research Assistant,2/18,5/20,8.99,0
176,Providence State University,3.62,Phd,Boston,F,1,1,1.0,N/A,Senior SWE,2/23,N/A,Junior SWE,2/23,5/20,Research Assistant,2/18,5/20,9.97,0
177,Providence State University,3.62,Phd,Boston,F,1,1,N/A,0.0,Senior SWE,2/23,N/A,Junior SWE,2/23,5/20,Research Assistant,2/18,5/20,9.93,0
178,Providence State University,3.62,Phd,Boston,F,1,1,N/A,1.0,Senior SWE,2/23,N/A,Junior SWE,2/23,5/20,Research Assistant,2/18,5/20,7.06,0
179,Providence State University,3.62,Phd,Boston,F,1,1,N/A,N/A,Senior SWE,2/23,N/A,Junior SWE,2/23,5/20,Research Assistant,2/18,5/20,2.2,0
180,Providence State University,3.62,Phd,Boston,N/A,0,0,0.0,0.0,Senior SWE,2/23,N/A,Junior SWE,2/23,5/20,Research Assistant,2/18,5/20,9.02,0
181,Providence State University,3.62,Phd,Boston,N/A,0,0,0.0,1.0,Senior SWE,2/23,N/A,Junior SWE,2/23,5/20,Research Assistant,2/18,5/20,6.0,0
182,Providence State University,3.62,Phd,Boston,N/A,0,0,0.0,N/A,Senior SWE,2/23,N/A,Junior SWE,2/23,5/20,Research Assistant,2/18,5/20,6.28,0
183,Providence State University,3.62,Phd,Boston,N/A,0,0,1.0,0.0,Senior SWE,2/23,N/A,Junior SWE,2/23,5/20,Research Assistant,2/18,5/20,6.42,0
184,Providence State University,3.62,Phd,Boston,N/A,0,0,1.0,1.0,Senior SWE,2/23,N/A,Junior SWE,2/23,5/20,Research Assistant,2/18,5/20,7.55,0
185,Providence State University,3.62,Phd,Boston,N/A,0,0,1.0,N/A,Senior SWE,2/23,N/A,Junior SWE,2/23,5/20,Research Assistant,2/18,5/20,8.13,0
186,Providence State University,3.62,Phd,Boston,N/A,0,0,N/A,0.0,Senior SWE,2/23,N/A,Junior SWE,2/23,5/20,Research Assistant,2/18,5/20,8.37,0
187,Providence State University,3.62,Phd,Boston,N/A,0,0,N/A,1.0,Senior SWE,2/23,N/A,Junior SWE,2/23,5/20,Research Assistant,2/18,5/20,8.99,0
188,Providence State University,3.62,Phd,Boston,N/A,0,0,N/A,N/A,Senior SWE,2/23,N/A,Junior SWE,2/23,5/20,Research Assistant,2/18,5/20,2.32,0
189,Providence State University,3.62,Phd,Boston,N/A,0,1,0.0,0.0,Senior SWE,2/23,N/A,Junior SWE,2/23,5/20,Research Assistant,2/18,5/20,0.06,0
190,Providence State University,3.62,Phd,Boston,N/A,0,1,0.0,1.0,Senior SWE,2/23,N/A,Junior SWE,2/23,5/20,Research Assistant,2/18,5/20,7.23,0
191,Providence State University,3.62,Phd,Boston,N/A,0,1,0.0,N/A,Senior SWE,2/23,N/A,Junior SWE,2/23,5/20,Research Assistant,2/18,5/20,4.43,0
192,Providence State University,3.62,Phd,Boston,N/A,0,1,1.0,0.0,Senior SWE,2/23,N/A,Junior SWE,2/23,5/20,Research Assistant,2/18,5/20,1.75,0
193,Providence State University,3.62,Phd,Boston,N/A,0,1,1.0,1.0,Senior SWE,2/23,N/A,Junior SWE,2/23,5/20,Research Assistant,2/18,5/20,7.86,0
194,Providence State University,3.62,Phd,Boston,N/A,0,1,1.0,N/A,Senior SWE,2/23,N/A,Junior SWE,2/23,5/20,Research Assistant,2/18,5/20,1.04,0
195,Providence State University,3.62,Phd,Boston,N/A,0,1,N/A,0.0,Senior SWE,2/23,N/A,Junior SWE,2/23,5/20,Research Assistant,2/18,5/20,8.01,0
196,Providence State University,3.62,Phd,Boston,N/A,0,1,N/A,1.0,Senior SWE,2/23,N/A,Junior SWE,2/23,5/20,Research Assistant,2/18,5/20,0.84,0
197,Providence State University,3.62,Phd,Boston,N/A,0,1,N/A,N/A,Senior SWE,2/23,N/A,Junior SWE,2/23,5/20,Research Assistant,2/18,5/20,2.13,0
198,Providence State University,3.62,Phd,Boston,N/A,1,0,0.0,0.0,Senior SWE,2/23,N/A,Junior SWE,2/23,5/20,Research Assistant,2/18,5/20,5.81,0
199,Providence State University,3.62,Phd,Boston,N/A,1,0,0.0,1.0,Senior SWE,2/23,N/A,Junior SWE,2/23,5/20,Research Assistant,2/18,5/20,2.61,0
200,Providence State University,3.62,Phd,Boston,N/A,1,0,0.0,N/A,Senior SWE,2/23,N/A,Junior SWE,2/23,5/20,Research Assistant,2/18,5/20,6.61,0
201,Providence State University,3.62,Phd,Boston,N/A,1,0,1.0,0.0,Senior SWE,2/23,N/A,Junior SWE,2/23,5/20,Research Assistant,2/18,5/20,8.28,0
202,Providence State University,3.62,Phd,Boston,N/A,1,0,1.0,1.0,Senior SWE,2/23,N/A,Junior SWE,2/23,5/20,Research Assistant,2/18,5/20,1.15,0
203,Providence State University,3.62,Phd,Boston,N/A,1,0,1.0,N/A,Senior SWE,2/23,N/A,Junior SWE,2/23,5/20,Research Assistant,2/18,5/20,1.37,0
204,Providence State University,3.62,Phd,Boston,N/A,1,0,N/A,0.0,Senior SWE,2/23,N/A,Junior SWE,2/23,5/20,Research Assistant,2/18,5/20,9.7,0
205,Providence State University,3.62,Phd,Boston,N/A,1,0,N/A,1.0,Senior SWE,2/23,N/A,Junior SWE,2/23,5/20,Research Assistant,2/18,5/20,5.28,0
206,Providence State University,3.62,Phd,Boston,N/A,1,0,N/A,N/A,Senior SWE,2/23,N/A,Junior SWE,2/23,5/20,Research Assistant,2/18,5/20,1.37,0
207,Providence State University,3.62,Phd,Boston,N/A,1,1,0.0,0.0,Senior SWE,2/23,N/A,Junior SWE,2/23,5/20,Research Assistant,2/18,5/20,0.32,0
208,Providence State University,3.62,Phd,Boston,N/A,1,1,0.0,1.0,Senior SWE,2/23,N/A,Junior SWE,2/23,5/20,Research Assistant,2/18,5/20,0.18,0
209,Providence State University,3.62,Phd,Boston,N/A,1,1,0.0,N/A,Senior SWE,2/23,N/A,Junior SWE,2/23,5/20,Research Assistant,2/18,5/20,1.16,0
210,Providence State University,3.62,Phd,Boston,N/A,1,1,1.0,0.0,Senior SWE,2/23,N/A,Junior SWE,2/23,5/20,Research Assistant,2/18,5/20,5.19,0
211,Providence State University,3.62,Phd,Boston,N/A,1,1,1.0,1.0,Senior SWE,2/23,N/A,Junior SWE,2/23,5/20,Research Assistant,2/18,5/20,6.04,0
212,Providence State University,3.62,Phd,Boston,N/A,1,1,1.0,N/A,Senior SWE,2/23,N/A,Junior SWE,2/23,5/20,Research Assistant,2/18,5/20,9.58,0
213,Providence State University,3.62,Phd,Boston,N/A,1,1,N/A,0.0,Senior SWE,2/23,N/A,Junior SWE,2/23,5/20,Research Assistant,2/18,5/20,4.73,0
214,Providence State University,3.62,Phd,Boston,N/A,1,1,N/A,1.0,Senior SWE,2/23,N/A,Junior SWE,2/23,5/20,Research Assistant,2/18,5/20,4.8,0
215,Providence State University,3.62,Phd,Boston,N/A,1,1,N/A,N/A,Senior SWE,2/23,N/A,Junior SWE,2/23,5/20,Research Assistant,2/18,5/20,3.35,0
216,State Providence College,3.45,Bachelors,Los Angeles,M,0,0,0.0,0.0,Data scientist,3/19,N/A,N/A,N/A,N/A,N/A,N/A,N/A,7.37,1
217,State Providence College,3.45,Bachelors,Los Angeles,M,0,0,0.0,1.0,Data scientist,3/19,N/A,N/A,N/A,N/A,N/A,N/A,N/A,9.85,1
218,State Providence College,3.45,Bachelors,Los Angeles,M,0,0,0.0,N/A,Data scientist,3/19,N/A,N/A,N/A,N/A,N/A,N/A,N/A,7.98,0
219,State Providence College,3.45,Bachelors,Los Angeles,M,0,0,1.0,0.0,Data scientist,3/19,N/A,N/A,N/A,N/A,N/A,N/A,N/A,7.9,0
220,State Providence College,3.45,Bachelors,Los Angeles,M,0,0,1.0,1.0,Data scientist,3/19,N/A,N/A,N/A,N/A,N/A,N/A,N/A,3.23,1
221,State Providence College,3.45,Bachelors,Los Angeles,M,0,0,1.0,N/A,Data scientist,3/19,N/A,N/A,N/A,N/A,N/A,N/A,N/A,4.01,0
222,State Providence College,3.45,Bachelors,Los Angeles,M,0,0,N/A,0.0,Data scientist,3/19,N/A,N/A,N/A,N/A,N/A,N/A,N/A,4.59,1
223,State Providence College,3.45,Bachelors,Los Angeles,M,0,0,N/A,1.0,Data scientist,3/19,N/A,N/A,N/A,N/A,N/A,N/A,N/A,1.99,0
224,State Providence College,3.45,Bachelors,Los Angeles,M,0,0,N/A,N/A,Data scientist,3/19,N/A,N/A,N/A,N/A,N/A,N/A,N/A,4.52,1
225,State Providence College,3.45,Bachelors,Los Angeles,M,0,1,0.0,0.0,Data scientist,3/19,N/A,N/A,N/A,N/A,N/A,N/A,N/A,0.02,1
226,State Providence College,3.45,Bachelors,Los Angeles,M,0,1,0.0,1.0,Data scientist,3/19,N/A,N/A,N/A,N/A,N/A,N/A,N/A,5.8,0
227,State Providence College,3.45,Bachelors,Los Angeles,M,0,1,0.0,N/A,Data scientist,3/19,N/A,N/A,N/A,N/A,N/A,N/A,N/A,0.95,0
228,State Providence College,3.45,Bachelors,Los Angeles,M,0,1,1.0,0.0,Data scientist,3/19,N/A,N/A,N/A,N/A,N/A,N/A,N/A,1.05,0
229,State Providence College,3.45,Bachelors,Los Angeles,M,0,1,1.0,1.0,Data scientist,3/19,N/A,N/A,N/A,N/A,N/A,N/A,N/A,5.42,0
230,State Providence College,3.45,Bachelors,Los Angeles,M,0,1,1.0,N/A,Data scientist,3/19,N/A,N/A,N/A,N/A,N/A,N/A,N/A,6.4,1
231,State Providence College,3.45,Bachelors,Los Angeles,M,0,1,N/A,0.0,Data scientist,3/19,N/A,N/A,N/A,N/A,N/A,N/A,N/A,8.8,0
232,State Providence College,3.45,Bachelors,Los Angeles,M,0,1,N/A,1.0,Data scientist,3/19,N/A,N/A,N/A,N/A,N/A,N/A,N/A,1.37,1
233,State Providence College,3.45,Bachelors,Los Angeles,M,0,1,N/A,N/A,Data scientist,3/19,N/A,N/A,N/A,N/A,N/A,N/A,N/A,5.56,1
234,State Providence College,3.45,Bachelors,Los Angeles,M,1,0,0.0,0.0,Data scientist,3/19,N/A,N/A,N/A,N/A,N/A,N/A,N/A,0.61,0
235,State Providence College,3.45,Bachelors,Los Angeles,M,1,0,0.0,1.0,Data scientist,3/19,N/A,N/A,N/A,N/A,N/A,N/A,N/A,3.3,0
236,State Providence College,3.45,Bachelors,Los Angeles,M,1,0,0.0,N/A,Data scientist,3/19,N/A,N/A,N/A,N/A,N/A,N/A,N/A,6.82,0
237,State Providence College,3.45,Bachelors,Los Angeles,M,1,0,1.0,0.0,Data scientist,3/19,N/A,N/A,N/A,N/A,N/A,N/A,N/A,3.81,0
238,State Providence College,3.45,Bachelors,Los Angeles,M,1,0,1.0,1.0,Data scientist,3/19,N/A,N/A,N/A,N/A,N/A,N/A,N/A,7.75,0
239,State Providence College,3.45,Bachelors,Los Angeles,M,1,0,1.0,N/A,Data scientist,3/19,N/A,N/A,N/A,N/A,N/A,N/A,N/A,4.17,0
240,State Providence College,3.45,Bachelors,Los Angeles,M,1,0,N/A,0.0,Data scientist,3/19,N/A,N/A,N/A,N/A,N/A,N/A,N/A,1.69,0
241,State Providence College,3.45,Bachelors,Los Angeles,M,1,0,N/A,1.0,Data scientist,3/19,N/A,N/A,N/A,N/A,N/A,N/A,N/A,6.09,1
242,State Providence College,3.45,Bachelors,Los Angeles,M,1,0,N/A,N/A,Data scientist,3/19,N/A,N/A,N/A,N/A,N/A,N/A,N/A,2.16,1
243,State Providence College,3.45,Bachelors,Los Angeles,M,1,1,0.0,0.0,Data scientist,3/19,N/A,N/A,N/A,N/A,N/A,N/A,N/A,1.93,1
244,State Providence College,3.45,Bachelors,Los Angeles,M,1,1,0.0,1.0,Data scientist,3/19,N/A,N/A,N/A,N/A,N/A,N/A,N/A,4.85,0
245,State Providence College,3.45,Bachelors,Los Angeles,M,1,1,0.0,N/A,Data scientist,3/19,N/A,N/A,N/A,N/A,N/A,N/A,N/A,7.45,0
246,State Providence College,3.45,Bachelors,Los Angeles,M,1,1,1.0,0.0,Data scientist,3/19,N/A,N/A,N/A,N/A,N/A,N/A,N/A,7.08,0
247,State Providence College,3.45,Bachelors,Los Angeles,M,1,1,1.0,1.0,Data scientist,3/19,N/A,N/A,N/A,N/A,N/A,N/A,N/A,4.58,1
248,State Providence College,3.45,Bachelors,Los Angeles,M,1,1,1.0,N/A,Data scientist,3/19,N/A,N/A,N/A,N/A,N/A,N/A,N/A,2.33,1
249,State Providence College,3.45,Bachelors,Los Angeles,M,1,1,N/A,0.0,Data scientist,3/19,N/A,N/A,N/A,N/A,N/A,N/A,N/A,6.41,1
250,State Providence College,3.45,Bachelors,Los Angeles,M,1,1,N/A,1.0,Data scientist,3/19,N/A,N/A,N/A,N/A,N/A,N/A,N/A,9.19,1
251,State Providence College,3.45,Bachelors,Los Angeles,M,1,1,N/A,N/A,Data scientist,3/19,N/A,N/A,N/A,N/A,N/A,N/A,N/A,2.57,1
252,State Providence College,3.45,Bachelors,Los Angeles,F,0,0,0.0,0.0,Data scientist,3/19,N/A,N/A,N/A,N/A,N/A,N/A,N/A,9.35,0
253,State Providence College,3.45,Bachelors,Los Angeles,F,0,0,0.0,1.0,Data scientist,3/19,N/A,N/A,N/A,N/A,N/A,N/A,N/A,7.07,0
254,State Providence College,3.45,Bachelors,Los Angeles,F,0,0,0.0,N/A,Data scientist,3/19,N/A,N/A,N/A,N/A,N/A,N/A,N/A,3.41,1
255,State Providence College,3.45,Bachelors,Los Angeles,F,0,0,1.0,0.0,Data scientist,3/19,N/A,N/A,N/A,N/A,N/A,N/A,N/A,2.26,0
256,State Providence College,3.45,Bachelors,Los Angeles,F,0,0,1.0,1.0,Data scientist,3/19,N/A,N/A,N/A,N/A,N/A,N/A,N/A,8.01,1
257,State Providence College,3.45,Bachelors,Los Angeles,F,0,0,1.0,N/A,Data scientist,3/19,N/A,N/A,N/A,N/A,N/A,N/A,N/A,8.79,1
258,State Providence College,3.45,Bachelors,Los Angeles,F,0,0,N/A,0.0,Data scientist,3/19,N/A,N/A,N/A,N/A,N/A,N/A,N/A,4.01,0
259,State Providence College,3.45,Bachelors,Los Angeles,F,0,0,N/A,1.0,Data scientist,3/19,N/A,N/A,N/A,N/A,N/A,N/A,N/A,6.51,0
260,State Providence College,3.45,Bachelors,Los Angeles,F,0,0,N/A,N/A,Data scientist,3/19,N/A,N/A,N/A,N/A,N/A,N/A,N/A,5.33,1
261,State Providence College,3.45,Bachelors,Los Angeles,F,0,1,0.0,0.0,Data scientist,3/19,N/A,N/A,N/A,N/A,N/A,N/A,N/A,6.78,0
262,State Providence College,3.45,Bachelors,Los Angeles,F,0,1,0.0,1.0,Data scientist,3/19,N/A,N/A,N/A,N/A,N/A,N/A,N/A,7.36,0
263,State Providence College,3.45,Bachelors,Los Angeles,F,0,1,0.0,N/A,Data scientist,3/19,N/A,N/A,N/A,N/A,N/A,N/A,N/A,8.61,1
264,State Providence College,3.45,Bachelors,Los Angeles,F,0,1,1.0,0.0,Data scientist,3/19,N/A,N/A,N/A,N/A,N/A,N/A,N/A,6.57,0
265,State Providence College,3.45,Bachelors,Los Angeles,F,0,1,1.0,1.0,Data scientist,3/19,N/A,N/A,N/A,N/A,N/A,N/A,N/A,0.08,1
266,State Providence College,3.45,Bachelors,Los Angeles,F,0,1,1.0,N/A,Data scientist,3/19,N/A,N/A,N/A,N/A,N/A,N/A,N/A,7.97,0
267,State Providence College,3.45,Bachelors,Los Angeles,F,0,1,N/A,0.0,Data scientist,3/19,N/A,N/A,N/A,N/A,N/A,N/A,N/A,2.02,0
268,State Providence College,3.45,Bachelors,Los Angeles,F,0,1,N/A,1.0,Data scientist,3/19,N/A,N/A,N/A,N/A,N/A,N/A,N/A,5.22,0
269,State Providence College,3.45,Bachelors,Los Angeles,F,0,1,N/A,N/A,Data scientist,3/19,N/A,N/A,N/A,N/A,N/A,N/A,N/A,8.9,0
270,State Providence College,3.45,Bachelors,Los Angeles,F,1,0,0.0,0.0,Data scientist,3/19,N/A,N/A,N/A,N/A,N/A,N/A,N/A,9.81,1
271,State Providence College,3.45,Bachelors,Los Angeles,F,1,0,0.0,1.0,Data scientist,3/19,N/A,N/A,N/A,N/A,N/A,N/A,N/A,9.0,1
272,State Providence College,3.45,Bachelors,Los Angeles,F,1,0,0.0,N/A,Data scientist,3/19,N/A,N/A,N/A,N/A,N/A,N/A,N/A,9.47,0
273,State Providence College,3.45,Bachelors,Los Angeles,F,1,0,1.0,0.0,Data scientist,3/19,N/A,N/A,N/A,N/A,N/A,N/A,N/A,9.27,0
274,State Providence College,3.45,Bachelors,Los Angeles,F,1,0,1.0,1.0,Data scientist,3/19,N/A,N/A,N/A,N/A,N/A,N/A,N/A,7.84,1
275,State Providence College,3.45,Bachelors,Los Angeles,F,1,0,1.0,N/A,Data scientist,3/19,N/A,N/A,N/A,N/A,N/A,N/A,N/A,0.23,1
276,State Providence College,3.45,Bachelors,Los Angeles,F,1,0,N/A,0.0,Data scientist,3/19,N/A,N/A,N/A,N/A,N/A,N/A,N/A,4.99,1
277,State Providence College,3.45,Bachelors,Los Angeles,F,1,0,N/A,1.0,Data scientist,3/19,N/A,N/A,N/A,N/A,N/A,N/A,N/A,7.01,0
278,State Providence College,3.45,Bachelors,Los Angeles,F,1,0,N/A,N/A,Data scientist,3/19,N/A,N/A,N/A,N/A,N/A,N/A,N/A,0.09,0
279,State Providence College,3.45,Bachelors,Los Angeles,F,1,1,0.0,0.0,Data scientist,3/19,N/A,N/A,N/A,N/A,N/A,N/A,N/A,4.06,0
280,State Providence College,3.45,Bachelors,Los Angeles,F,1,1,0.0,1.0,Data scientist,3/19,N/A,N/A,N/A,N/A,N/A,N/A,N/A,7.9,1
281,State Providence College,3.45,Bachelors,Los Angeles,F,1,1,0.0,N/A,Data scientist,3/19,N/A,N/A,N/A,N/A,N/A,N/A,N/A,1.22,0
282,State Providence College,3.45,Bachelors,Los Angeles,F,1,1,1.0,0.0,Data scientist,3/19,N/A,N/A,N/A,N/A,N/A,N/A,N/A,0.04,0
283,State Providence College,3.45,Bachelors,Los Angeles,F,1,1,1.0,1.0,Data scientist,3/19,N/A,N/A,N/A,N/A,N/A,N/A,N/A,6.31,0
284,State Providence College,3.45,Bachelors,Los Angeles,F,1,1,1.0,N/A,Data scientist,3/19,N/A,N/A,N/A,N/A,N/A,N/A,N/A,2.97,0
285,State Providence College,3.45,Bachelors,Los Angeles,F,1,1,N/A,0.0,Data scientist,3/19,N/A,N/A,N/A,N/A,N/A,N/A,N/A,5.79,1
286,State Providence College,3.45,Bachelors,Los Angeles,F,1,1,N/A,1.0,Data scientist,3/19,N/A,N/A,N/A,N/A,N/A,N/A,N/A,7.67,0
287,State Providence College,3.45,Bachelors,Los Angeles,F,1,1,N/A,N/A,Data scientist,3/19,N/A,N/A,N/A,N/A,N/A,N/A,N/A,3.06,1
288,State Providence College,3.45,Bachelors,Los Angeles,N/A,0,0,0.0,0.0,Data scientist,3/19,N/A,N/A,N/A,N/A,N/A,N/A,N/A,0.88,0
289,State Providence College,3.45,Bachelors,Los Angeles,N/A,0,0,0.0,1.0,Data scientist,3/19,N/A,N/A,N/A,N/A,N/A,N/A,N/A,9.95,0
290,State Providence College,3.45,Bachelors,Los Angeles,N/A,0,0,0.0,N/A,Data scientist,3/19,N/A,N/A,N/A,N/A,N/A,N/A,N/A,8.39,0
291,State Providence College,3.45,Bachelors,Los Angeles,N/A,0,0,1.0,0.0,Data scientist,3/19,N/A,N/A,N/A,N/A,N/A,N/A,N/A,3.79,0
292,State Providence College,3.45,Bachelors,Los Angeles,N/A,0,0,1.0,1.0,Data scientist,3/19,N/A,N/A,N/A,N/A,N/A,N/A,N/A,7.34,0
293,State Providence College,3.45,Bachelors,Los Angeles,N/A,0,0,1.0,N/A,Data scientist,3/19,N/A,N/A,N/A,N/A,N/A,N/A,N/A,9.0,0
294,State Providence College,3.45,Bachelors,Los Angeles,N/A,0,0,N/A,0.0,Data scientist,3/19,N/A,N/A,N/A,N/A,N/A,N/A,N/A,1.82,0
295,State Providence College,3.45,Bachelors,Los Angeles,N/A,0,0,N/A,1.0,Data scientist,3/19,N/A,N/A,N/A,N/A,N/A,N/A,N/A,6.15,0
296,State Providence College,3.45,Bachelors,Los Angeles,N/A,0,0,N/A,N/A,Data scientist,3/19,N/A,N/A,N/A,N/A,N/A,N/A,N/A,4.51,0
297,State Providence College,3.45,Bachelors,Los Angeles,N/A,0,1,0.0,0.0,Data scientist,3/19,N/A,N/A,N/A,N/A,N/A,N/A,N/A,2.5,0
298,State Providence College,3.45,Bachelors,Los Angeles,N/A,0,1,0.0,1.0,Data scientist,3/19,N/A,N/A,N/A,N/A,N/A,N/A,N/A,4.35,0
299,State Providence College,3.45,Bachelors,Los Angeles,N/A,0,1,0.0,N/A,Data scientist,3/19,N/A,N/A,N/A,N/A,N/A,N/A,N/A,7.62,0
300,State Providence College,3.45,Bachelors,Los Angeles,N/A,0,1,1.0,0.0,Data scientist,3/19,N/A,N/A,N/A,N/A,N/A,N/A,N/A,7.99,0
301,State Providence College,3.45,Bachelors,Los Angeles,N/A,0,1,1.0,1.0,Data scientist,3/19,N/A,N/A,N/A,N/A,N/A,N/A,N/A,3.61,0
302,State Providence College,3.45,Bachelors,Los Angeles,N/A,0,1,1.0,N/A,Data scientist,3/19,N/A,N/A,N/A,N/A,N/A,N/A,N/A,2.02,0
303,State Providence College,3.45,Bachelors,Los Angeles,N/A,0,1,N/A,0.0,Data scientist,3/19,N/A,N/A,N/A,N/A,N/A,N/A,N/A,5.18,0
304,State Providence College,3.45,Bachelors,Los Angeles,N/A,0,1,N/A,1.0,Data scientist,3/19,N/A,N/A,N/A,N/A,N/A,N/A,N/A,9.97,0
305,State Providence College,3.45,Bachelors,Los Angeles,N/A,0,1,N/A,N/A,Data scientist,3/19,N/A,N/A,N/A,N/A,N/A,N/A,N/A,3.61,0
306,State Providence College,3.45,Bachelors,Los Angeles,N/A,1,0,0.0,0.0,Data scientist,3/19,N/A,N/A,N/A,N/A,N/A,N/A,N/A,4.91,0
307,State Providence College,3.45,Bachelors,Los Angeles,N/A,1,0,0.0,1.0,Data scientist,3/19,N/A,N/A,N/A,N/A,N/A,N/A,N/A,6.75,0
308,State Providence College,3.45,Bachelors,Los Angeles,N/A,1,0,0.0,N/A,Data scientist,3/19,N/A,N/A,N/A,N/A,N/A,N/A,N/A,7.42,0
309,State Providence College,3.45,Bachelors,Los Angeles,N/A,1,0,1.0,0.0,Data scientist,3/19,N/A,N/A,N/A,N/A,N/A,N/A,N/A,4.46,0
310,State Providence College,3.45,Bachelors,Los Angeles,N/A,1,0,1.0,1.0,Data scientist,3/19,N/A,N/A,N/A,N/A,N/A,N/A,N/A,9.64,0
311,State Providence College,3.45,Bachelors,Los Angeles,N/A,1,0,1.0,N/A,Data scientist,3/19,N/A,N/A,N/A,N/A,N/A,N/A,N/A,7.96,0
312,State Providence College,3.45,Bachelors,Los Angeles,N/A,1,0,N/A,0.0,Data scientist,3/19,N/A,N/A,N/A,N/A,N/A,N/A,N/A,0.06,0
313,State Providence College,3.45,Bachelors,Los Angeles,N/A,1,0,N/A,1.0,Data scientist,3/19,N/A,N/A,N/A,N/A,N/A,N/A,N/A,3.36,0
314,State Providence College,3.45,Bachelors,Los Angeles,N/A,1,0,N/A,N/A,Data scientist,3/19,N/A,N/A,N/A,N/A,N/A,N/A,N/A,5.97,0
315,State Providence College,3.45,Bachelors,Los Angeles,N/A,1,1,0.0,0.0,Data scientist,3/19,N/A,N/A,N/A,N/A,N/A,N/A,N/A,1.26,0
316,State Providence College,3.45,Bachelors,Los Angeles,N/A,1,1,0.0,1.0,Data scientist,3/19,N/A,N/A,N/A,N/A,N/A,N/A,N/A,5.82,0
317,State Providence College,3.45,Bachelors,Los Angeles,N/A,1,1,0.0,N/A,Data scientist,3/19,N/A,N/A,N/A,N/A,N/A,N/A,N/A,5.69,0
318,State Providence College,3.45,Bachelors,Los Angeles,N/A,1,1,1.0,0.0,Data scientist,3/19,N/A,N/A,N/A,N/A,N/A,N/A,N/A,2.62,0
319,State Providence College,3.45,Bachelors,Los Angeles,N/A,1,1,1.0,1.0,Data scientist,3/19,N/A,N/A,N/A,N/A,N/A,N/A,N/A,0.51,0
320,State Providence College,3.45,Bachelors,Los Angeles,N/A,1,1,1.0,N/A,Data scientist,3/19,N/A,N/A,N/A,N/A,N/A,N/A,N/A,2.44,0
321,State Providence College,3.45,Bachelors,Los Angeles,N/A,1,1,N/A,0.0,Data scientist,3/19,N/A,N/A,N/A,N/A,N/A,N/A,N/A,3.42,0
322,State Providence College,3.45,Bachelors,Los Angeles,N/A,1,1,N/A,1.0,Data scientist,3/19,N/A,N/A,N/A,N/A,N/A,N/A,N/A,6.7,0
323,State Providence College,3.45,Bachelors,Los Angeles,N/A,1,1,N/A,N/A,Data scientist,3/19,N/A,N/A,N/A,N/A,N/A,N/A,N/A,0.85,0
324,Providence School,3.37,Masters,Miami,M,0,0,0.0,0.0,Lawyer,7/19,N/A,Teaching Assistant,9/18,5/19,N/A,N/A,N/A,8.21,0
325,Providence School,3.37,Masters,Miami,M,0,0,0.0,1.0,Lawyer,7/19,N/A,Teaching Assistant,9/18,5/19,N/A,N/A,N/A,0.04,0
326,Providence School,3.37,Masters,Miami,M,0,0,0.0,N/A,Lawyer,7/19,N/A,Teaching Assistant,9/18,5/19,N/A,N/A,N/A,9.81,0
327,Providence School,3.37,Masters,Miami,M,0,0,1.0,0.0,Lawyer,7/19,N/A,Teaching Assistant,9/18,5/19,N/A,N/A,N/A,9.45,0
328,Providence School,3.37,Masters,Miami,M,0,0,1.0,1.0,Lawyer,7/19,N/A,Teaching Assistant,9/18,5/19,N/A,N/A,N/A,0.47,0
329,Providence School,3.37,Masters,Miami,M,0,0,1.0,N/A,Lawyer,7/19,N/A,Teaching Assistant,9/18,5/19,N/A,N/A,N/A,7.67,0
330,Providence School,3.37,Masters,Miami,M,0,0,N/A,0.0,Lawyer,7/19,N/A,Teaching Assistant,9/18,5/19,N/A,N/A,N/A,7.58,0
331,Providence School,3.37,Masters,Miami,M,0,0,N/A,1.0,Lawyer,7/19,N/A,Teaching Assistant,9/18,5/19,N/A,N/A,N/A,8.55,0
332,Providence School,3.37,Masters,Miami,M,0,0,N/A,N/A,Lawyer,7/19,N/A,Teaching Assistant,9/18,5/19,N/A,N/A,N/A,8.75,0
333,Providence School,3.37,Masters,Miami,M,0,1,0.0,0.0,Lawyer,7/19,N/A,Teaching Assistant,9/18,5/19,N/A,N/A,N/A,4.27,0
334,Providence School,3.37,Masters,Miami,M,0,1,0.0,1.0,Lawyer,7/19,N/A,Teaching Assistant,9/18,5/19,N/A,N/A,N/A,3.93,0
335,Providence School,3.37,Masters,Miami,M,0,1,0.0,N/A,Lawyer,7/19,N/A,Teaching Assistant,9/18,5/19,N/A,N/A,N/A,2.62,0
336,Providence School,3.37,Masters,Miami,M,0,1,1.0,0.0,Lawyer,7/19,N/A,Teaching Assistant,9/18,5/19,N/A,N/A,N/A,7.4,0
337,Providence School,3.37,Masters,Miami,M,0,1,1.0,1.0,Lawyer,7/19,N/A,Teaching Assistant,9/18,5/19,N/A,N/A,N/A,2.96,0
338,Providence School,3.37,Masters,Miami,M,0,1,1.0,N/A,Lawyer,7/19,N/A,Teaching Assistant,9/18,5/19,N/A,N/A,N/A,9.76,0
339,Providence School,3.37,Masters,Miami,M,0,1,N/A,0.0,Lawyer,7/19,N/A,Teaching Assistant,9/18,5/19,N/A,N/A,N/A,9.2,0
340,Providence School,3.37,Masters,Miami,M,0,1,N/A,1.0,Lawyer,7/19,N/A,Teaching Assistant,9/18,5/19,N/A,N/A,N/A,9.11,0
341,Providence School,3.37,Masters,Miami,M,0,1,N/A,N/A,Lawyer,7/19,N/A,Teaching Assistant,9/18,5/19,N/A,N/A,N/A,8.49,0
342,Providence School,3.37,Masters,Miami,M,1,0,0.0,0.0,Lawyer,7/19,N/A,Teaching Assistant,9/18,5/19,N/A,N/A,N/A,1.54,0
343,Providence School,3.37,Masters,Miami,M,1,0,0.0,1.0,Lawyer,7/19,N/A,Teaching Assistant,9/18,5/19,N/A,N/A,N/A,9.66,0
344,Providence School,3.37,Masters,Miami,M,1,0,0.0,N/A,Lawyer,7/19,N/A,Teaching Assistant,9/18,5/19,N/A,N/A,N/A,8.26,0
345,Providence School,3.37,Masters,Miami,M,1,0,1.0,0.0,Lawyer,7/19,N/A,Teaching Assistant,9/18,5/19,N/A,N/A,N/A,4.53,0
346,Providence School,3.37,Masters,Miami,M,1,0,1.0,1.0,Lawyer,7/19,N/A,Teaching Assistant,9/18,5/19,N/A,N/A,N/A,0.52,0
347,Providence School,3.37,Masters,Miami,M,1,0,1.0,N/A,Lawyer,7/19,N/A,Teaching Assistant,9/18,5/19,N/A,N/A,N/A,6.64,0
348,Providence School,3.37,Masters,Miami,M,1,0,N/A,0.0,Lawyer,7/19,N/A,Teaching Assistant,9/18,5/19,N/A,N/A,N/A,9.78,0
349,Providence School,3.37,Masters,Miami,M,1,0,N/A,1.0,Lawyer,7/19,N/A,Teaching Assistant,9/18,5/19,N/A,N/A,N/A,0.99,0
350,Providence School,3.37,Masters,Miami,M,1,0,N/A,N/A,Lawyer,7/19,N/A,Teaching Assistant,9/18,5/19,N/A,N/A,N/A,9.22,0
351,Providence School,3.37,Masters,Miami,M,1,1,0.0,0.0,Lawyer,7/19,N/A,Teaching Assistant,9/18,5/19,N/A,N/A,N/A,6.68,0
352,Providence School,3.37,Masters,Miami,M,1,1,0.0,1.0,Lawyer,7/19,N/A,Teaching Assistant,9/18,5/19,N/A,N/A,N/A,5.91,0
353,Providence School,3.37,Masters,Miami,M,1,1,0.0,N/A,Lawyer,7/19,N/A,Teaching Assistant,9/18,5/19,N/A,N/A,N/A,0.37,0
354,Providence School,3.37,Masters,Miami,M,1,1,1.0,0.0,Lawyer,7/19,N/A,Teaching Assistant,9/18,5/19,N/A,N/A,N/A,8.97,0
355,Providence School,3.37,Masters,Miami,M,1,1,1.0,1.0,Lawyer,7/19,N/A,Teaching Assistant,9/18,5/19,N/A,N/A,N/A,1.04,0
356,Providence School,3.37,Masters,Miami,M,1,1,1.0,N/A,Lawyer,7/19,N/A,Teaching Assistant,9/18,5/19,N/A,N/A,N/A,2.12,0
357,Providence School,3.37,Masters,Miami,M,1,1,N/A,0.0,Lawyer,7/19,N/A,Teaching Assistant,9/18,5/19,N/A,N/A,N/A,2.08,0
358,Providence School,3.37,Masters,Miami,M,1,1,N/A,1.0,Lawyer,7/19,N/A,Teaching Assistant,9/18,5/19,N/A,N/A,N/A,6.14,0
359,Providence School,3.37,Masters,Miami,M,1,1,N/A,N/A,Lawyer,7/19,N/A,Teaching Assistant,9/18,5/19,N/A,N/A,N/A,6.15,0
360,Providence School,3.37,Masters,Miami,F,0,0,0.0,0.0,Lawyer,7/19,N/A,Teaching Assistant,9/18,5/19,N/A,N/A,N/A,0.6,0
361,Providence School,3.37,Masters,Miami,F,0,0,0.0,1.0,Lawyer,7/19,N/A,Teaching Assistant,9/18,5/19,N/A,N/A,N/A,3.3,0
362,Providence School,3.37,Masters,Miami,F,0,0,0.0,N/A,Lawyer,7/19,N/A,Teaching Assistant,9/18,5/19,N/A,N/A,N/A,3.75,0
363,Providence School,3.37,Masters,Miami,F,0,0,1.0,0.0,Lawyer,7/19,N/A,Teaching Assistant,9/18,5/19,N/A,N/A,N/A,4.48,0
364,Providence School,3.37,Masters,Miami,F,0,0,1.0,1.0,Lawyer,7/19,N/A,Teaching Assistant,9/18,5/19,N/A,N/A,N/A,5.93,0
365,Providence School,3.37,Masters,Miami,F,0,0,1.0,N/A,Lawyer,7/19,N/A,Teaching Assistant,9/18,5/19,N/A,N/A,N/A,2.48,0
366,Providence School,3.37,Masters,Miami,F,0,0,N/A,0.0,Lawyer,7/19,N/A,Teaching Assistant,9/18,5/19,N/A,N/A,N/A,2.46,0
367,Providence School,3.37,Masters,Miami,F,0,0,N/A,1.0,Lawyer,7/19,N/A,Teaching Assistant,9/18,5/19,N/A,N/A,N/A,2.04,0
368,Providence School,3.37,Masters,Miami,F,0,0,N/A,N/A,Lawyer,7/19,N/A,Teaching Assistant,9/18,5/19,N/A,N/A,N/A,1.23,0
369,Providence School,3.37,Masters,Miami,F,0,1,0.0,0.0,Lawyer,7/19,N/A,Teaching Assistant,9/18,5/19,N/A,N/A,N/A,3.82,0
370,Providence School,3.37,Masters,Miami,F,0,1,0.0,1.0,Lawyer,7/19,N/A,Teaching Assistant,9/18,5/19,N/A,N/A,N/A,4.82,0
371,Providence School,3.37,Masters,Miami,F,0,1,0.0,N/A,Lawyer,7/19,N/A,Teaching Assistant,9/18,5/19,N/A,N/A,N/A,3.29,0
372,Providence School,3.37,Masters,Miami,F,0,1,1.0,0.0,Lawyer,7/19,N/A,Teaching Assistant,9/18,5/19,N/A,N/A,N/A,6.15,0
373,Providence School,3.37,Masters,Miami,F,0,1,1.0,1.0,Lawyer,7/19,N/A,Teaching Assistant,9/18,5/19,N/A,N/A,N/A,7.45,0
374,Providence School,3.37,Masters,Miami,F,0,1,1.0,N/A,Lawyer,7/19,N/A,Teaching Assistant,9/18,5/19,N/A,N/A,N/A,8.63,0
375,Providence School,3.37,Masters,Miami,F,0,1,N/A,0.0,Lawyer,7/19,N/A,Teaching Assistant,9/18,5/19,N/A,N/A,N/A,6.19,0
376,Providence School,3.37,Masters,Miami,F,0,1,N/A,1.0,Lawyer,7/19,N/A,Teaching Assistant,9/18,5/19,N/A,N/A,N/A,2.02,0
377,Providence School,3.37,Masters,Miami,F,0,1,N/A,N/A,Lawyer,7/19,N/A,Teaching Assistant,9/18,5/19,N/A,N/A,N/A,5.04,0
378,Providence School,3.37,Masters,Miami,F,1,0,0.0,0.0,Lawyer,7/19,N/A,Teaching Assistant,9/18,5/19,N/A,N/A,N/A,3.3,0
379,Providence School,3.37,Masters,Miami,F,1,0,0.0,1.0,Lawyer,7/19,N/A,Teaching Assistant,9/18,5/19,N/A,N/A,N/A,2.9,0
380,Providence School,3.37,Masters,Miami,F,1,0,0.0,N/A,Lawyer,7/19,N/A,Teaching Assistant,9/18,5/19,N/A,N/A,N/A,8.83,0
381,Providence School,3.37,Masters,Miami,F,1,0,1.0,0.0,Lawyer,7/19,N/A,Teaching Assistant,9/18,5/19,N/A,N/A,N/A,1.69,0
382,Providence School,3.37,Masters,Miami,F,1,0,1.0,1.0,Lawyer,7/19,N/A,Teaching Assistant,9/18,5/19,N/A,N/A,N/A,1.14,0
383,Providence School,3.37,Masters,Miami,F,1,0,1.0,N/A,Lawyer,7/19,N/A,Teaching Assistant,9/18,5/19,N/A,N/A,N/A,9.48,0
384,Providence School,3.37,Masters,Miami,F,1,0,N/A,0.0,Lawyer,7/19,N/A,Teaching Assistant,9/18,5/19,N/A,N/A,N/A,5.02,0
385,Providence School,3.37,Masters,Miami,F,1,0,N/A,1.0,Lawyer,7/19,N/A,Teaching Assistant,9/18,5/19,N/A,N/A,N/A,5.11,0
386,Providence School,3.37,Masters,Miami,F,1,0,N/A,N/A,Lawyer,7/19,N/A,Teaching Assistant,9/18,5/19,N/A,N/A,N/A,3.01,0
387,Providence School,3.37,Masters,Miami,F,1,1,0.0,0.0,Lawyer,7/19,N/A,Teaching Assistant,9/18,5/19,N/A,N/A,N/A,6.04,0
388,Providence School,3.37,Masters,Miami,F,1,1,0.0,1.0,Lawyer,7/19,N/A,Teaching Assistant,9/18,5/19,N/A,N/A,N/A,6.79,0
389,Providence School,3.37,Masters,Miami,F,1,1,0.0,N/A,Lawyer,7/19,N/A,Teaching Assistant,9/18,5/19,N/A,N/A,N/A,6.41,0
390,Providence School,3.37,Masters,Miami,F,1,1,1.0,0.0,Lawyer,7/19,N/A,Teaching Assistant,9/18,5/19,N/A,N/A,N/A,9.95,0
391,Providence School,3.37,Masters,Miami,F,1,1,1.0,1.0,Lawyer,7/19,N/A,Teaching Assistant,9/18,5/19,N/A,N/A,N/A,8.88,0
392,Providence School,3.37,Masters,Miami,F,1,1,1.0,N/A,Lawyer,7/19,N/A,Teaching Assistant,9/18,5/19,N/A,N/A,N/A,5.0,0
393,Providence School,3.37,Masters,Miami,F,1,1,N/A,0.0,Lawyer,7/19,N/A,Teaching Assistant,9/18,5/19,N/A,N/A,N/A,2.41,0
394,Providence School,3.37,Masters,Miami,F,1,1,N/A,1.0,Lawyer,7/19,N/A,Teaching Assistant,9/18,5/19,N/A,N/A,N/A,7.72,0
395,Providence School,3.37,Masters,Miami,F,1,1,N/A,N/A,Lawyer,7/19,N/A,Teaching Assistant,9/18,5/19,N/A,N/A,N/A,3.05,0
396,Providence School,3.37,Masters,Miami,N/A,0,0,0.0,0.0,Lawyer,7/19,N/A,Teaching Assistant,9/18,5/19,N/A,N/A,N/A,2.36,0
397,Providence School,3.37,Masters,Miami,N/A,0,0,0.0,1.0,Lawyer,7/19,N/A,Teaching Assistant,9/18,5/19,N/A,N/A,N/A,8.63,0
398,Providence School,3.37,Masters,Miami,N/A,0,0,0.0,N/A,Lawyer,7/19,N/A,Teaching Assistant,9/18,5/19,N/A,N/A,N/A,3.24,0
399,Providence School,3.37,Masters,Miami,N/A,0,0,1.0,0.0,Lawyer,7/19,N/A,Teaching Assistant,9/18,5/19,N/A,N/A,N/A,3.92,0
400,Providence School,3.37,Masters,Miami,N/A,0,0,1.0,1.0,Lawyer,7/19,N/A,Teaching Assistant,9/18,5/19,N/A,N/A,N/A,8.9,0
401,Providence School,3.37,Masters,Miami,N/A,0,0,1.0,N/A,Lawyer,7/19,N/A,Teaching Assistant,9/18,5/19,N/A,N/A,N/A,6.65,0
402,Providence School,3.37,Masters,Miami,N/A,0,0,N/A,0.0,Lawyer,7/19,N/A,Teaching Assistant,9/18,5/19,N/A,N/A,N/A,0.04,0
403,Providence School,3.37,Masters,Miami,N/A,0,0,N/A,1.0,Lawyer,7/19,N/A,Teaching Assistant,9/18,5/19,N/A,N/A,N/A,7.29,0
404,Providence School,3.37,Masters,Miami,N/A,0,0,N/A,N/A,Lawyer,7/19,N/A,Teaching Assistant,9/18,5/19,N/A,N/A,N/A,1.51,0
405,Providence School,3.37,Masters,Miami,N/A,0,1,0.0,0.0,Lawyer,7/19,N/A,Teaching Assistant,9/18,5/19,N/A,N/A,N/A,0.66,0
406,Providence School,3.37,Masters,Miami,N/A,0,1,0.0,1.0,Lawyer,7/19,N/A,Teaching Assistant,9/18,5/19,N/A,N/A,N/A,8.96,0
407,Providence School,3.37,Masters,Miami,N/A,0,1,0.0,N/A,Lawyer,7/19,N/A,Teaching Assistant,9/18,5/19,N/A,N/A,N/A,5.74,0
408,Providence School,3.37,Masters,Miami,N/A,0,1,1.0,0.0,Lawyer,7/19,N/A,Teaching Assistant,9/18,5/19,N/A,N/A,N/A,6.22,0
409,Providence School,3.37,Masters,Miami,N/A,0,1,1.0,1.0,Lawyer,7/19,N/A,Teaching Assistant,9/18,5/19,N/A,N/A,N/A,6.36,0
410,Providence School,3.37,Masters,Miami,N/A,0,1,1.0,N/A,Lawyer,7/19,N/A,Teaching Assistant,9/18,5/19,N/A,N/A,N/A,4.99,0
411,Providence School,3.37,Masters,Miami,N/A,0,1,N/A,0.0,Lawyer,7/19,N/A,Teaching Assistant,9/18,5/19,N/A,N/A,N/A,2.26,0
412,Providence School,3.37,Masters,Miami,N/A,0,1,N/A,1.0,Lawyer,7/19,N/A,Teaching Assistant,9/18,5/19,N/A,N/A,N/A,2.64,0
413,Providence School,3.37,Masters,Miami,N/A,0,1,N/A,N/A,Lawyer,7/19,N/A,Teaching Assistant,9/18,5/19,N/A,N/A,N/A,0.41,0
414,Providence School,3.37,Masters,Miami,N/A,1,0,0.0,0.0,Lawyer,7/19,N/A,Teaching Assistant,9/18,5/19,N/A,N/A,N/A,2.49,0
415,Providence School,3.37,Masters,Miami,N/A,1,0,0.0,1.0,Lawyer,7/19,N/A,Teaching Assistant,9/18,5/19,N/A,N/A,N/A,4.81,0
416,Providence School,3.37,Masters,Miami,N/A,1,0,0.0,N/A,Lawyer,7/19,N/A,Teaching Assistant,9/18,5/19,N/A,N/A,N/A,4.15,0
417,Providence School,3.37,Masters,Miami,N/A,1,0,1.0,0.0,Lawyer,7/19,N/A,Teaching Assistant,9/18,5/19,N/A,N/A,N/A,2.54,0
418,Providence School,3.37,Masters,Miami,N/A,1,0,1.0,1.0,Lawyer,7/19,N/A,Teaching Assistant,9/18,5/19,N/A,N/A,N/A,3.46,0
419,Providence School,3.37,Masters,Miami,N/A,1,0,1.0,N/A,Lawyer,7/19,N/A,Teaching Assistant,9/18,5/19,N/A,N/A,N/A,5.5,0
420,Providence School,3.37,Masters,Miami,N/A,1,0,N/A,0.0,Lawyer,7/19,N/A,Teaching Assistant,9/18,5/19,N/A,N/A,N/A,8.98,0
421,Providence School,3.37,Masters,Miami,N/A,1,0,N/A,1.0,Lawyer,7/19,N/A,Teaching Assistant,9/18,5/19,N/A,N/A,N/A,7.91,0
422,Providence School,3.37,Masters,Miami,N/A,1,0,N/A,N/A,Lawyer,7/19,N/A,Teaching Assistant,9/18,5/19,N/A,N/A,N/A,9.75,0
423,Providence School,3.37,Masters,Miami,N/A,1,1,0.0,0.0,Lawyer,7/19,N/A,Teaching Assistant,9/18,5/19,N/A,N/A,N/A,0.29,0
424,Providence School,3.37,Masters,Miami,N/A,1,1,0.0,1.0,Lawyer,7/19,N/A,Teaching Assistant,9/18,5/19,N/A,N/A,N/A,4.7,0
425,Providence School,3.37,Masters,Miami,N/A,1,1,0.0,N/A,Lawyer,7/19,N/A,Teaching Assistant,9/18,5/19,N/A,N/A,N/A,5.66,0
426,Providence School,3.37,Masters,Miami,N/A,1,1,1.0,0.0,Lawyer,7/19,N/A,Teaching Assistant,9/18,5/19,N/A,N/A,N/A,0.18,0
427,Providence School,3.37,Masters,Miami,N/A,1,1,1.0,1.0,Lawyer,7/19,N/A,Teaching Assistant,9/18,5/19,N/A,N/A,N/A,8.07,0
428,Providence School,3.37,Masters,Miami,N/A,1,1,1.0,N/A,Lawyer,7/19,N/A,Teaching Assistant,9/18,5/19,N/A,N/A,N/A,2.08,0
429,Providence School,3.37,Masters,Miami,N/A,1,1,N/A,0.0,Lawyer,7/19,N/A,Teaching Assistant,9/18,5/19,N/A,N/A,N/A,4.67,0
430,Providence School,3.37,Masters,Miami,N/A,1,1,N/A,1.0,Lawyer,7/19,N/A,Teaching Assistant,9/18,5/19,N/A,N/A,N/A,3.69,0
431,Providence School,3.37,Masters,Miami,N/A,1,1,N/A,N/A,Lawyer,7/19,N/A,Teaching Assistant,9/18,5/19,N/A,N/A,N/A,3.05,0
432,State Providence College,3.03,Bachelors,Chicago,M,0,0,0.0,0.0,ML Engineer,5/21,6/23,N/A,N/A,N/A,N/A,N/A,N/A,4.58,1
433,State Providence College,3.03,Bachelors,Chicago,M,0,0,0.0,1.0,ML Engineer,5/21,6/23,N/A,N/A,N/A,N/A,N/A,N/A,1.06,0
434,State Providence College,3.03,Bachelors,Chicago,M,0,0,0.0,N/A,ML Engineer,5/21,6/23,N/A,N/A,N/A,N/A,N/A,N/A,3.21,1
435,State Providence College,3.03,Bachelors,Chicago,M,0,0,1.0,0.0,ML Engineer,5/21,6/23,N/A,N/A,N/A,N/A,N/A,N/A,2.42,0
436,State Providence College,3.03,Bachelors,Chicago,M,0,0,1.0,1.0,ML Engineer,5/21,6/23,N/A,N/A,N/A,N/A,N/A,N/A,2.62,0
437,State Providence College,3.03,Bachelors,Chicago,M,0,0,1.0,N/A,ML Engineer,5/21,6/23,N/A,N/A,N/A,N/A,N/A,N/A,8.36,1
438,State Providence College,3.03,Bachelors,Chicago,M,0,0,N/A,0.0,ML Engineer,5/21,6/23,N/A,N/A,N/A,N/A,N/A,N/A,6.75,1
439,State Providence College,3.03,Bachelors,Chicago,M,0,0,N/A,1.0,ML Engineer,5/21,6/23,N/A,N/A,N/A,N/A,N/A,N/A,4.16,1
440,State Providence College,3.03,Bachelors,Chicago,M,0,0,N/A,N/A,ML Engineer,5/21,6/23,N/A,N/A,N/A,N/A,N/A,N/A,0.23,1
441,State Providence College,3.03,Bachelors,Chicago,M,0,1,0.0,0.0,ML Engineer,5/21,6/23,N/A,N/A,N/A,N/A,N/A,N/A,8.95,1
442,State Providence College,3.03,Bachelors,Chicago,M,0,1,0.0,1.0,ML Engineer,5/21,6/23,N/A,N/A,N/A,N/A,N/A,N/A,8.93,1
443,State Providence College,3.03,Bachelors,Chicago,M,0,1,0.0,N/A,ML Engineer,5/21,6/23,N/A,N/A,N/A,N/A,N/A,N/A,3.23,0
444,State Providence College,3.03,Bachelors,Chicago,M,0,1,1.0,0.0,ML Engineer,5/21,6/23,N/A,N/A,N/A,N/A,N/A,N/A,1.75,1
445,State Providence College,3.03,Bachelors,Chicago,M,0,1,1.0,1.0,ML Engineer,5/21,6/23,N/A,N/A,N/A,N/A,N/A,N/A,9.53,1
446,State Providence College,3.03,Bachelors,Chicago,M,0,1,1.0,N/A,ML Engineer,5/21,6/23,N/A,N/A,N/A,N/A,N/A,N/A,1.8,0
447,State Providence College,3.03,Bachelors,Chicago,M,0,1,N/A,0.0,ML Engineer,5/21,6/23,N/A,N/A,N/A,N/A,N/A,N/A,2.71,1
448,State Providence College,3.03,Bachelors,Chicago,M,0,1,N/A,1.0,ML Engineer,5/21,6/23,N/A,N/A,N/A,N/A,N/A,N/A,6.05,0
449,State Providence College,3.03,Bachelors,Chicago,M,0,1,N/A,N/A,ML Engineer,5/21,6/23,N/A,N/A,N/A,N/A,N/A,N/A,9.09,1
450,State Providence College,3.03,Bachelors,Chicago,M,1,0,0.0,0.0,ML Engineer,5/21,6/23,N/A,N/A,N/A,N/A,N/A,N/A,5.13,0
451,State Providence College,3.03,Bachelors,Chicago,M,1,0,0.0,1.0,ML Engineer,5/21,6/23,N/A,N/A,N/A,N/A,N/A,N/A,7.6,1
452,State Providence College,3.03,Bachelors,Chicago,M,1,0,0.0,N/A,ML Engineer,5/21,6/23,N/A,N/A,N/A,N/A,N/A,N/A,7.37,1
453,State Providence College,3.03,Bachelors,Chicago,M,1,0,1.0,0.0,ML Engineer,5/21,6/23,N/A,N/A,N/A,N/A,N/A,N/A,1.93,1
454,State Providence College,3.03,Bachelors,Chicago,M,1,0,1.0,1.0,ML Engineer,5/21,6/23,N/A,N/A,N/A,N/A,N/A,N/A,7.37,1
455,State Providence College,3.03,Bachelors,Chicago,M,1,0,1.0,N/A,ML Engineer,5/21,6/23,N/A,N/A,N/A,N/A,N/A,N/A,5.35,1
456,State Providence College,3.03,Bachelors,Chicago,M,1,0,N/A,0.0,ML Engineer,5/21,6/23,N/A,N/A,N/A,N/A,N/A,N/A,9.63,0
457,State Providence College,3.03,Bachelors,Chicago,M,1,0,N/A,1.0,ML Engineer,5/21,6/23,N/A,N/A,N/A,N/A,N/A,N/A,5.95,0
458,State Providence College,3.03,Bachelors,Chicago,M,1,0,N/A,N/A,ML Engineer,5/21,6/23,N/A,N/A,N/A,N/A,N/A,N/A,3.53,1
459,State Providence College,3.03,Bachelors,Chicago,M,1,1,0.0,0.0,ML Engineer,5/21,6/23,N/A,N/A,N/A,N/A,N/A,N/A,9.84,0
460,State Providence College,3.03,Bachelors,Chicago,M,1,1,0.0,1.0,ML Engineer,5/21,6/23,N/A,N/A,N/A,N/A,N/A,N/A,0.26,1
461,State Providence College,3.03,Bachelors,Chicago,M,1,1,0.0,N/A,ML Engineer,5/21,6/23,N/A,N/A,N/A,N/A,N/A,N/A,4.88,1
462,State Providence College,3.03,Bachelors,Chicago,M,1,1,1.0,0.0,ML Engineer,5/21,6/23,N/A,N/A,N/A,N/A,N/A,N/A,5.43,0
463,State Providence College,3.03,Bachelors,Chicago,M,1,1,1.0,1.0,ML Engineer,5/21,6/23,N/A,N/A,N/A,N/A,N/A,N/A,7.84,1
464,State Providence College,3.03,Bachelors,Chicago,M,1,1,1.0,N/A,ML Engineer,5/21,6/23,N/A,N/A,N/A,N/A,N/A,N/A,1.83,0
465,State Providence College,3.03,Bachelors,Chicago,M,1,1,N/A,0.0,ML Engineer,5/21,6/23,N/A,N/A,N/A,N/A,N/A,N/A,4.22,1
466,State Providence College,3.03,Bachelors,Chicago,M,1,1,N/A,1.0,ML Engineer,5/21,6/23,N/A,N/A,N/A,N/A,N/A,N/A,4.6,1
467,State Providence College,3.03,Bachelors,Chicago,M,1,1,N/A,N/A,ML Engineer,5/21,6/23,N/A,N/A,N/A,N/A,N/A,N/A,3.76,0
468,State Providence College,3.03,Bachelors,Chicago,F,0,0,0.0,0.0,ML Engineer,5/21,6/23,N/A,N/A,N/A,N/A,N/A,N/A,5.03,1
469,State Providence College,3.03,Bachelors,Chicago,F,0,0,0.0,1.0,ML Engineer,5/21,6/23,N/A,N/A,N/A,N/A,N/A,N/A,7.0,0
470,State Providence College,3.03,Bachelors,Chicago,F,0,0,0.0,N/A,ML Engineer,5/21,6/23,N/A,N/A,N/A,N/A,N/A,N/A,4.58,0
471,State Providence College,3.03,Bachelors,Chicago,F,0,0,1.0,0.0,ML Engineer,5/21,6/23,N/A,N/A,N/A,N/A,N/A,N/A,2.8,0
472,State Providence College,3.03,Bachelors,Chicago,F,0,0,1.0,1.0,ML Engineer,5/21,6/23,N/A,N/A,N/A,N/A,N/A,N/A,2.64,0
473,State Providence College,3.03,Bachelors,Chicago,F,0,0,1.0,N/A,ML Engineer,5/21,6/23,N/A,N/A,N/A,N/A,N/A,N/A,1.94,0
474,State Providence College,3.03,Bachelors,Chicago,F,0,0,N/A,0.0,ML Engineer,5/21,6/23,N/A,N/A,N/A,N/A,N/A,N/A,2.41,0
475,State Providence College,3.03,Bachelors,Chicago,F,0,0,N/A,1.0,ML Engineer,5/21,6/23,N/A,N/A,N/A,N/A,N/A,N/A,9.24,0
476,State Providence College,3.03,Bachelors,Chicago,F,0,0,N/A,N/A,ML Engineer,5/21,6/23,N/A,N/A,N/A,N/A,N/A,N/A,5.37,0
477,State Providence College,3.03,Bachelors,Chicago,F,0,1,0.0,0.0,ML Engineer,5/21,6/23,N/A,N/A,N/A,N/A,N/A,N/A,6.1,0
478,State Providence College,3.03,Bachelors,Chicago,F,0,1,0.0,1.0,ML Engineer,5/21,6/23,N/A,N/A,N/A,N/A,N/A,N/A,0.68,0
479,State Providence College,3.03,Bachelors,Chicago,F,0,1,0.0,N/A,ML Engineer,5/21,6/23,N/A,N/A,N/A,N/A,N/A,N/A,2.28,0
480,State Providence College,3.03,Bachelors,Chicago,F,0,1,1.0,0.0,ML Engineer,5/21,6/23,N/A,N/A,N/A,N/A,N/A,N/A,8.88,0
481,State Providence College,3.03,Bachelors,Chicago,F,0,1,1.0,1.0,ML Engineer,5/21,6/23,N/A,N/A,N/A,N/A,N/A,N/A,1.78,1
482,State Providence College,3.03,Bachelors,Chicago,F,0,1,1.0,N/A,ML Engineer,5/21,6/23,N/A,N/A,N/A,N/A,N/A,N/A,2.73,0
483,State Providence College,3.03,Bachelors,Chicago,F,0,1,N/A,0.0,ML Engineer,5/21,6/23,N/A,N/A,N/A,N/A,N/A,N/A,3.06,0
484,State Providence College,3.03,Bachelors,Chicago,F,0,1,N/A,1.0,ML Engineer,5/21,6/23,N/A,N/A,N/A,N/A,N/A,N/A,0.05,0
485,State Providence College,3.03,Bachelors,Chicago,F,0,1,N/A,N/A,ML Engineer,5/21,6/23,N/A,N/A,N/A,N/A,N/A,N/A,9.08,0
486,State Providence College,3.03,Bachelors,Chicago,F,1,0,0.0,0.0,ML Engineer,5/21,6/23,N/A,N/A,N/A,N/A,N/A,N/A,3.66,0
487,State Providence College,3.03,Bachelors,Chicago,F,1,0,0.0,1.0,ML Engineer,5/21,6/23,N/A,N/A,N/A,N/A,N/A,N/A,3.33,0
488,State Providence College,3.03,Bachelors,Chicago,F,1,0,0.0,N/A,ML Engineer,5/21,6/23,N/A,N/A,N/A,N/A,N/A,N/A,2.52,1
489,State Providence College,3.03,Bachelors,Chicago,F,1,0,1.0,0.0,ML Engineer,5/21,6/23,N/A,N/A,N/A,N/A,N/A,N/A,4.5,0
490,State Providence College,3.03,Bachelors,Chicago,F,1,0,1.0,1.0,ML Engineer,5/21,6/23,N/A,N/A,N/A,N/A,N/A,N/A,0.5,1
491,State Providence College,3.03,Bachelors,Chicago,F,1,0,1.0,N/A,ML Engineer,5/21,6/23,N/A,N/A,N/A,N/A,N/A,N/A,3.84,1
492,State Providence College,3.03,Bachelors,Chicago,F,1,0,N/A,0.0,ML Engineer,5/21,6/23,N/A,N/A,N/A,N/A,N/A,N/A,6.68,1
493,State Providence College,3.03,Bachelors,Chicago,F,1,0,N/A,1.0,ML Engineer,5/21,6/23,N/A,N/A,N/A,N/A,N/A,N/A,9.97,0
494,State Providence College,3.03,Bachelors,Chicago,F,1,0,N/A,N/A,ML Engineer,5/21,6/23,N/A,N/A,N/A,N/A,N/A,N/A,8.37,1
495,State Providence College,3.03,Bachelors,Chicago,F,1,1,0.0,0.0,ML Engineer,5/21,6/23,N/A,N/A,N/A,N/A,N/A,N/A,7.99,1
496,State Providence College,3.03,Bachelors,Chicago,F,1,1,0.0,1.0,ML Engineer,5/21,6/23,N/A,N/A,N/A,N/A,N/A,N/A,6.56,0
497,State Providence College,3.03,Bachelors,Chicago,F,1,1,0.0,N/A,ML Engineer,5/21,6/23,N/A,N/A,N/A,N/A,N/A,N/A,4.55,0
498,State Providence College,3.03,Bachelors,Chicago,F,1,1,1.0,0.0,ML Engineer,5/21,6/23,N/A,N/A,N/A,N/A,N/A,N/A,3.8,1
499,State Providence College,3.03,Bachelors,Chicago,F,1,1,1.0,1.0,ML Engineer,5/21,6/23,N/A,N/A,N/A,N/A,N/A,N/A,3.78,1
500,State Providence College,3.03,Bachelors,Chicago,F,1,1,1.0,N/A,ML Engineer,5/21,6/23,N/A,N/A,N/A,N/A,N/A,N/A,8.87,0
501,State Providence College,3.03,Bachelors,Chicago,F,1,1,N/A,0.0,ML Engineer,5/21,6/23,N/A,N/A,N/A,N/A,N/A,N/A,7.94,0
502,State Providence College,3.03,Bachelors,Chicago,F,1,1,N/A,1.0,ML Engineer,5/21,6/23,N/A,N/A,N/A,N/A,N/A,N/A,1.53,1
503,State Providence College,3.03,Bachelors,Chicago,F,1,1,N/A,N/A,ML Engineer,5/21,6/23,N/A,N/A,N/A,N/A,N/A,N/A,8.79,0
504,State Providence College,3.03,Bachelors,Chicago,N/A,0,0,0.0,0.0,ML Engineer,5/21,6/23,N/A,N/A,N/A,N/A,N/A,N/A,5.56,0
505,State Providence College,3.03,Bachelors,Chicago,N/A,0,0,0.0,1.0,ML Engineer,5/21,6/23,N/A,N/A,N/A,N/A,N/A,N/A,0.52,0
506,State Providence College,3.03,Bachelors,Chicago,N/A,0,0,0.0,N/A,ML Engineer,5/21,6/23,N/A,N/A,N/A,N/A,N/A,N/A,3.92,0
507,State Providence College,3.03,Bachelors,Chicago,N/A,0,0,1.0,0.0,ML Engineer,5/21,6/23,N/A,N/A,N/A,N/A,N/A,N/A,0.46,0
508,State Providence College,3.03,Bachelors,Chicago,N/A,0,0,1.0,1.0,ML Engineer,5/21,6/23,N/A,N/A,N/A,N/A,N/A,N/A,6.83,0
509,State Providence College,3.03,Bachelors,Chicago,N/A,0,0,1.0,N/A,ML Engineer,5/21,6/23,N/A,N/A,N/A,N/A,N/A,N/A,5.35,0
510,State Providence College,3.03,Bachelors,Chicago,N/A,0,0,N/A,0.0,ML Engineer,5/21,6/23,N/A,N/A,N/A,N/A,N/A,N/A,7.93,0
511,State Providence College,3.03,Bachelors,Chicago,N/A,0,0,N/A,1.0,ML Engineer,5/21,6/23,N/A,N/A,N/A,N/A,N/A,N/A,4.22,0
512,State Providence College,3.03,Bachelors,Chicago,N/A,0,0,N/A,N/A,ML Engineer,5/21,6/23,N/A,N/A,N/A,N/A,N/A,N/A,9.14,0
513,State Providence College,3.03,Bachelors,Chicago,N/A,0,1,0.0,0.0,ML Engineer,5/21,6/23,N/A,N/A,N/A,N/A,N/A,N/A,7.8,0
514,State Providence College,3.03,Bachelors,Chicago,N/A,0,1,0.0,1.0,ML Engineer,5/21,6/23,N/A,N/A,N/A,N/A,N/A,N/A,1.76,0
515,State Providence College,3.03,Bachelors,Chicago,N/A,0,1,0.0,N/A,ML Engineer,5/21,6/23,N/A,N/A,N/A,N/A,N/A,N/A,8.88,0
516,State Providence College,3.03,Bachelors,Chicago,N/A,0,1,1.0,0.0,ML Engineer,5/21,6/23,N/A,N/A,N/A,N/A,N/A,N/A,9.82,0
517,State Providence College,3.03,Bachelors,Chicago,N/A,0,1,1.0,1.0,ML Engineer,5/21,6/23,N/A,N/A,N/A,N/A,N/A,N/A,6.76,0
518,State Providence College,3.03,Bachelors,Chicago,N/A,0,1,1.0,N/A,ML Engineer,5/21,6/23,N/A,N/A,N/A,N/A,N/A,N/A,2.94,0
519,State Providence College,3.03,Bachelors,Chicago,N/A,0,1,N/A,0.0,ML Engineer,5/21,6/23,N/A,N/A,N/A,N/A,N/A,N/A,7.47,0
520,State Providence College,3.03,Bachelors,Chicago,N/A,0,1,N/A,1.0,ML Engineer,5/21,6/23,N/A,N/A,N/A,N/A,N/A,N/A,8.86,0
521,State Providence College,3.03,Bachelors,Chicago,N/A,0,1,N/A,N/A,ML Engineer,5/21,6/23,N/A,N/A,N/A,N/A,N/A,N/A,2.86,0
522,State Providence College,3.03,Bachelors,Chicago,N/A,1,0,0.0,0.0,ML Engineer,5/21,6/23,N/A,N/A,N/A,N/A,N/A,N/A,4.08,0
523,State Providence College,3.03,Bachelors,Chicago,N/A,1,0,0.0,1.0,ML Engineer,5/21,6/23,N/A,N/A,N/A,N/A,N/A,N/A,2.29,0
524,State Providence College,3.03,Bachelors,Chicago,N/A,1,0,0.0,N/A,ML Engineer,5/21,6/23,N/A,N/A,N/A,N/A,N/A,N/A,2.02,0
525,State Providence College,3.03,Bachelors,Chicago,N/A,1,0,1.0,0.0,ML Engineer,5/21,6/23,N/A,N/A,N/A,N/A,N/A,N/A,0.04,0
526,State Providence College,3.03,Bachelors,Chicago,N/A,1,0,1.0,1.0,ML Engineer,5/21,6/23,N/A,N/A,N/A,N/A,N/A,N/A,0.65,0
527,State Providence College,3.03,Bachelors,Chicago,N/A,1,0,1.0,N/A,ML Engineer,5/21,6/23,N/A,N/A,N/A,N/A,N/A,N/A,0.04,0
528,State Providence College,3.03,Bachelors,Chicago,N/A,1,0,N/A,0.0,ML Engineer,5/21,6/23,N/A,N/A,N/A,N/A,N/A,N/A,6.97,0
529,State Providence College,3.03,Bachelors,Chicago,N/A,1,0,N/A,1.0,ML Engineer,5/21,6/23,N/A,N/A,N/A,N/A,N/A,N/A,1.12,0
530,State Providence College,3.03,Bachelors,Chicago,N/A,1,0,N/A,N/A,ML Engineer,5/21,6/23,N/A,N/A,N/A,N/A,N/A,N/A,4.28,0
531,State Providence College,3.03,Bachelors,Chicago,N/A,1,1,0.0,0.0,ML Engineer,5/21,6/23,N/A,N/A,N/A,N/A,N/A,N/A,9.23,0
532,State Providence College,3.03,Bachelors,Chicago,N/A,1,1,0.0,1.0,ML Engineer,5/21,6/23,N/A,N/A,N/A,N/A,N/A,N/A,7.82,0
533,State Providence College,3.03,Bachelors,Chicago,N/A,1,1,0.0,N/A,ML Engineer,5/21,6/23,N/A,N/A,N/A,N/A,N/A,N/A,8.98,0
534,State Providence College,3.03,Bachelors,Chicago,N/A,1,1,1.0,0.0,ML Engineer,5/21,6/23,N/A,N/A,N/A,N/A,N/A,N/A,0.68,0
535,State Providence College,3.03,Bachelors,Chicago,N/A,1,1,1.0,1.0,ML Engineer,5/21,6/23,N/A,N/A,N/A,N/A,N/A,N/A,8.65,0
536,State Providence College,3.03,Bachelors,Chicago,N/A,1,1,1.0,N/A,ML Engineer,5/21,6/23,N/A,N/A,N/A,N/A,N/A,N/A,3.23,0
537,State Providence College,3.03,Bachelors,Chicago,N/A,1,1,N/A,0.0,ML Engineer,5/21,6/23,N/A,N/A,N/A,N/A,N/A,N/A,4.01,0
538,State Providence College,3.03,Bachelors,Chicago,N/A,1,1,N/A,1.0,ML Engineer,5/21,6/23,N/A,N/A,N/A,N/A,N/A,N/A,4.92,0
539,State Providence College,3.03,Bachelors,Chicago,N/A,1,1,N/A,N/A,ML Engineer,5/21,6/23,N/A,N/A,N/A,N/A,N/A,N/A,2.1,0
