Applicant ID,School Name,GPA,Degree,Location,Gender,Veteran status,Work authorization,Disability,Ethnicity,Role 1,Start 1,End 1,Role 2,Start 2,End 2,Role 3,Start 3,End 3,score
0,Providence University,3.81,Bachelors,Providence,M,0,0,0.0,0.0,Junior SWE,5/20,N/A,N/A,N/A,N/A,N/A,N/A,N/A,4.35
1,Providence University,3.81,Bachelors,Providence,M,0,0,0.0,1.0,Junior SWE,5/20,N/A,N/A,N/A,N/A,N/A,N/A,N/A,7.17
2,Providence University,3.81,Bachelors,Providence,M,0,0,0.0,N/A,Junior SWE,5/20,N/A,N/A,N/A,N/A,N/A,N/A,N/A,7.37
3,Providence University,3.81,Bachelors,Providence,M,0,0,1.0,0.0,Junior SWE,5/20,N/A,N/A,N/A,N/A,N/A,N/A,N/A,3.2
4,Providence University,3.81,Bachelors,Providence,M,0,0,1.0,1.0,Junior SWE,5/20,N/A,N/A,N/A,N/A,N/A,N/A,N/A,0.56
5,Providence University,3.81,Bachelors,Providence,M,0,0,1.0,N/A,Junior SWE,5/20,N/A,N/A,N/A,N/A,N/A,N/A,N/A,9.19
6,Providence University,3.81,Bachelors,Providence,M,0,0,N/A,0.0,Junior SWE,5/20,N/A,N/A,N/A,N/A,N/A,N/A,N/A,7.44
7,Providence University,3.81,Bachelors,Providence,M,0,0,N/A,1.0,Junior SWE,5/20,N/A,N/A,N/A,N/A,N/A,N/A,N/A,5.07
8,Providence University,3.81,Bachelors,Providence,M,0,0,N/A,N/A,Junior SWE,5/20,N/A,N/A,N/A,N/A,N/A,N/A,N/A,4.4
9,Providence University,3.81,Bachelors,Providence,M,0,1,0.0,0.0,Junior SWE,5/20,N/A,N/A,N/A,N/A,N/A,N/A,N/A,4.87
10,Providence University,3.81,Bachelors,Providence,M,0,1,0.0,1.0,Junior SWE,5/20,N/A,N/A,N/A,N/A,N/A,N/A,N/A,3.1
11,Providence University,3.81,Bachelors,Providence,M,0,1,0.0,N/A,Junior SWE,5/20,N/A,N/A,N/A,N/A,N/A,N/A,N/A,8.64
12,Providence University,3.81,Bachelors,Providence,M,0,1,1.0,0.0,Junior SWE,5/20,N/A,N/A,N/A,N/A,N/A,N/A,N/A,6.79
13,Providence University,3.81,Bachelors,Providence,M,0,1,1.0,1.0,Junior SWE,5/20,N/A,N/A,N/A,N/A,N/A,N/A,N/A,3.87
14,Providence University,3.81,Bachelors,Providence,M,0,1,1.0,N/A,Junior SWE,5/20,N/A,N/A,N/A,N/A,N/A,N/A,N/A,0.39
15,Providence University,3.81,Bachelors,Providence,M,0,1,N/A,0.0,Junior SWE,5/20,N/A,N/A,N/A,N/A,N/A,N/A,N/A,1.46
16,Providence University,3.81,Bachelors,Providence,M,0,1,N/A,1.0,Junior SWE,5/20,N/A,N/A,N/A,N/A,N/A,N/A,N/A,1.83
17,Providence University,3.81,Bachelors,Providence,M,0,1,N/A,N/A,Junior SWE,5/20,N/A,N/A,N/A,N/A,N/A,N/A,N/A,3.3
18,Providence University,3.81,Bachelors,Providence,M,1,0,0.0,0.0,Junior SWE,5/20,N/A,N/A,N/A,N/A,N/A,N/A,N/A,9.81
19,Providence University,3.81,Bachelors,Providence,M,1,0,0.0,1.0,Junior SWE,5/20,N/A,N/A,N/A,N/A,N/A,N/A,N/A,3.98
20,Providence University,3.81,Bachelors,Providence,M,1,0,0.0,N/A,Junior SWE,5/20,N/A,N/A,N/A,N/A,N/A,N/A,N/A,3.23
21,Providence University,3.81,Bachelors,Providence,M,1,0,1.0,0.0,Junior SWE,5/20,N/A,N/A,N/A,N/A,N/A,N/A,N/A,7.33
22,Providence University,3.81,Bachelors,Providence,M,1,0,1.0,1.0,Junior SWE,5/20,N/A,N/A,N/A,N/A,N/A,N/A,N/A,1.85
23,Providence University,3.81,Bachelors,Providence,M,1,0,1.0,N/A,Junior SWE,5/20,N/A,N/A,N/A,N/A,N/A,N/A,N/A,4.65
24,Providence University,3.81,Bachelors,Providence,M,1,0,N/A,0.0,Junior SWE,5/20,N/A,N/A,N/A,N/A,N/A,N/A,N/A,3.74
25,Providence University,3.81,Bachelors,Providence,M,1,0,N/A,1.0,Junior SWE,5/20,N/A,N/A,N/A,N/A,N/A,N/A,N/A,3.39
26,Providence University,3.81,Bachelors,Providence,M,1,0,N/A,N/A,Junior SWE,5/20,N/A,N/A,N/A,N/A,N/A,N/A,N/A,6.9
27,Providence University,3.81,Bachelors,Providence,M,1,1,0.0,0.0,Junior SWE,5/20,N/A,N/A,N/A,N/A,N/A,N/A,N/A,8.54
28,Providence University,3.81,Bachelors,Providence,M,1,1,0.0,1.0,Junior SWE,5/20,N/A,N/A,N/A,N/A,N/A,N/A,N/A,1.14
29,Providence University,3.81,Bachelors,Providence,M,1,1,0.0,N/A,Junior SWE,5/20,N/A,N/A,N/A,N/A,N/A,N/A,N/A,6.7
30,Providence University,3.81,Bachelors,Providence,M,1,1,1.0,0.0,Junior SWE,5/20,N/A,N/A,N/A,N/A,N/A,N/A,N/A,3.07
31,Providence University,3.81,Bachelors,Providence,M,1,1,1.0,1.0,Junior SWE,5/20,N/A,N/A,N/A,N/A,N/A,N/A,N/A,8.29
32,Providence University,3.81,Bachelors,Providence,M,1,1,1.0,N/A,Junior SWE,5/20,N/A,N/A,N/A,N/A,N/A,N/A,N/A,3.67
33,Providence University,3.81,Bachelors,Providence,M,1,1,N/A,0.0,Junior SWE,5/20,N/A,N/A,N/A,N/A,N/A,N/A,N/A,3.12
34,Providence University,3.81,Bachelors,Providence,M,1,1,N/A,1.0,Junior SWE,5/20,N/A,N/A,N/A,N/A,N/A,N/A,N/A,2.07
35,Providence University,3.81,Bachelors,Providence,M,1,1,N/A,N/A,Junior SWE,5/20,N/A,N/A,N/A,N/A,N/A,N/A,N/A,0.56
36,Providence University,3.81,Bachelors,Providence,F,0,0,0.0,0.0,Junior SWE,5/20,N/A,N/A,N/A,N/A,N/A,N/A,N/A,5.94
37,Providence University,3.81,Bachelors,Providence,F,0,0,0.0,1.0,Junior SWE,5/20,N/A,N/A,N/A,N/A,N/A,N/A,N/A,9.74
38,Providence University,3.81,Bachelors,Providence,F,0,0,0.0,N/A,Junior SWE,5/20,N/A,N/A,N/A,N/A,N/A,N/A,N/A,4.89
39,Providence University,3.81,Bachelors,Providence,F,0,0,1.0,0.0,Junior SWE,5/20,N/A,N/A,N/A,N/A,N/A,N/A,N/A,7.25
40,Providence University,3.81,Bachelors,Providence,F,0,0,1.0,1.0,Junior SWE,5/20,N/A,N/A,N/A,N/A,N/A,N/A,N/A,8.29
41,Providence University,3.81,Bachelors,Providence,F,0,0,1.0,N/A,Junior SWE,5/20,N/A,N/A,N/A,N/A,N/A,N/A,N/A,7.95
42,Providence University,3.81,Bachelors,Providence,F,0,0,N/A,0.0,Junior SWE,5/20,N/A,N/A,N/A,N/A,N/A,N/A,N/A,5.09
43,Providence University,3.81,Bachelors,Providence,F,0,0,N/A,1.0,Junior SWE,5/20,N/A,N/A,N/A,N/A,N/A,N/A,N/A,2.07
44,Providence University,3.81,Bachelors,Providence,F,0,0,N/A,N/A,Junior SWE,5/20,N/A,N/A,N/A,N/A,N/A,N/A,N/A,1.82
45,Providence University,3.81,Bachelors,Providence,F,0,1,0.0,0.0,Junior SWE,5/20,N/A,N/A,N/A,N/A,N/A,N/A,N/A,4.48
46,Providence University,3.81,Bachelors,Providence,F,0,1,0.0,1.0,Junior SWE,5/20,N/A,N/A,N/A,N/A,N/A,N/A,N/A,1.9
47,Providence University,3.81,Bachelors,Providence,F,0,1,0.0,N/A,Junior SWE,5/20,N/A,N/A,N/A,N/A,N/A,N/A,N/A,6.11
48,Providence University,3.81,Bachelors,Providence,F,0,1,1.0,0.0,Junior SWE,5/20,N/A,N/A,N/A,N/A,N/A,N/A,N/A,5.13
49,Providence University,3.81,Bachelors,Providence,F,0,1,1.0,1.0,Junior SWE,5/20,N/A,N/A,N/A,N/A,N/A,N/A,N/A,5.87
50,Providence University,3.81,Bachelors,Providence,F,0,1,1.0,N/A,Junior SWE,5/20,N/A,N/A,N/A,N/A,N/A,N/A,N/A,2.52
51,Providence University,3.81,Bachelors,Providence,F,0,1,N/A,0.0,Junior SWE,5/20,N/A,N/A,N/A,N/A,N/A,N/A,N/A,1.05
52,Providence University,3.81,Bachelors,Providence,F,0,1,N/A,1.0,Junior SWE,5/20,N/A,N/A,N/A,N/A,N/A,N/A,N/A,1.0
53,Providence University,3.81,Bachelors,Providence,F,0,1,N/A,N/A,Junior SWE,5/20,N/A,N/A,N/A,N/A,N/A,N/A,N/A,1.05
54,Providence University,3.81,Bachelors,Providence,F,1,0,0.0,0.0,Junior SWE,5/20,N/A,N/A,N/A,N/A,N/A,N/A,N/A,6.3
55,Providence University,3.81,Bachelors,Providence,F,1,0,0.0,1.0,Junior SWE,5/20,N/A,N/A,N/A,N/A,N/A,N/A,N/A,0.06
56,Providence University,3.81,Bachelors,Providence,F,1,0,0.0,N/A,Junior SWE,5/20,N/A,N/A,N/A,N/A,N/A,N/A,N/A,0.25
57,Providence University,3.81,Bachelors,Providence,F,1,0,1.0,0.0,Junior SWE,5/20,N/A,N/A,N/A,N/A,N/A,N/A,N/A,9.95
58,Providence University,3.81,Bachelors,Providence,F,1,0,1.0,1.0,Junior SWE,5/20,N/A,N/A,N/A,N/A,N/A,N/A,N/A,4.16
59,Providence University,3.81,Bachelors,Providence,F,1,0,1.0,N/A,Junior SWE,5/20,N/A,N/A,N/A,N/A,N/A,N/A,N/A,0.84
60,Providence University,3.81,Bachelors,Providence,F,1,0,N/A,0.0,Junior SWE,5/20,N/A,N/A,N/A,N/A,N/A,N/A,N/A,1.34
61,Providence University,3.81,Bachelors,Providence,F,1,0,N/A,1.0,Junior SWE,5/20,N/A,N/A,N/A,N/A,N/A,N/A,N/A,8.62
62,Providence University,3.81,Bachelors,Providence,F,1,0,N/A,N/A,Junior SWE,5/20,N/A,N/A,N/A,N/A,N/A,N/A,N/A,1.14
63,Providence University,3.81,Bachelors,Providence,F,1,1,0.0,0.0,Junior SWE,5/20,N/A,N/A,N/A,N/A,N/A,N/A,N/A,0.65
64,Providence University,3.81,Bachelors,Providence,F,1,1,0.0,1.0,Junior SWE,5/20,N/A,N/A,N/A,N/A,N/A,N/A,N/A,6.65
65,Providence University,3.81,Bachelors,Providence,F,1,1,0.0,N/A,Junior SWE,5/20,N/A,N/A,N/A,N/A,N/A,N/A,N/A,5.07
66,Providence University,3.81,Bachelors,Providence,F,1,1,1.0,0.0,Junior SWE,5/20,N/A,N/A,N/A,N/A,N/A,N/A,N/A,5.46
67,Providence University,3.81,Bachelors,Providence,F,1,1,1.0,1.0,Junior SWE,5/20,N/A,N/A,N/A,N/A,N/A,N/A,N/A,0.31
68,Providence University,3.81,Bachelors,Providence,F,1,1,1.0,N/A,Junior SWE,5/20,N/A,N/A,N/A,N/A,N/A,N/A,N/A,3.2
69,Providence University,3.81,Bachelors,Providence,F,1,1,N/A,0.0,Junior SWE,5/20,N/A,N/A,N/A,N/A,N/A,N/A,N/A,2.62
70,Providence University,3.81,Bachelors,Providence,F,1,1,N/A,1.0,Junior SWE,5/20,N/A,N/A,N/A,N/A,N/A,N/A,N/A,6.53
71,Providence University,3.81,Bachelors,Providence,F,1,1,N/A,N/A,Junior SWE,5/20,N/A,N/A,N/A,N/A,N/A,N/A,N/A,9.68
72,Providence University,3.81,Bachelors,Providence,N/A,0,0,0.0,0.0,Junior SWE,5/20,N/A,N/A,N/A,N/A,N/A,N/A,N/A,3.46
73,Providence University,3.81,Bachelors,Providence,N/A,0,0,0.0,1.0,Junior SWE,5/20,N/A,N/A,N/A,N/A,N/A,N/A,N/A,3.81
74,Providence University,3.81,Bachelors,Providence,N/A,0,0,0.0,N/A,Junior SWE,5/20,N/A,N/A,N/A,N/A,N/A,N/A,N/A,1.24
75,Providence University,3.81,Bachelors,Providence,N/A,0,0,1.0,0.0,Junior SWE,5/20,N/A,N/A,N/A,N/A,N/A,N/A,N/A,6.7
76,Providence University,3.81,Bachelors,Providence,N/A,0,0,1.0,1.0,Junior SWE,5/20,N/A,N/A,N/A,N/A,N/A,N/A,N/A,5.08
77,Providence University,3.81,Bachelors,Providence,N/A,0,0,1.0,N/A,Junior SWE,5/20,N/A,N/A,N/A,N/A,N/A,N/A,N/A,0.28
78,Providence University,3.81,Bachelors,Providence,N/A,0,0,N/A,0.0,Junior SWE,5/20,N/A,N/A,N/A,N/A,N/A,N/A,N/A,8.55
79,Providence University,3.81,Bachelors,Providence,N/A,0,0,N/A,1.0,Junior SWE,5/20,N/A,N/A,N/A,N/A,N/A,N/A,N/A,3.75
80,Providence University,3.81,Bachelors,Providence,N/A,0,0,N/A,N/A,Junior SWE,5/20,N/A,N/A,N/A,N/A,N/A,N/A,N/A,8.12
81,Providence University,3.81,Bachelors,Providence,N/A,0,1,0.0,0.0,Junior SWE,5/20,N/A,N/A,N/A,N/A,N/A,N/A,N/A,7.89
82,Providence University,3.81,Bachelors,Providence,N/A,0,1,0.0,1.0,Junior SWE,5/20,N/A,N/A,N/A,N/A,N/A,N/A,N/A,2.35
83,Providence University,3.81,Bachelors,Providence,N/A,0,1,0.0,N/A,Junior SWE,5/20,N/A,N/A,N/A,N/A,N/A,N/A,N/A,8.39
84,Providence University,3.81,Bachelors,Providence,N/A,0,1,1.0,0.0,Junior SWE,5/20,N/A,N/A,N/A,N/A,N/A,N/A,N/A,2.95
85,Providence University,3.81,Bachelors,Providence,N/A,0,1,1.0,1.0,Junior SWE,5/20,N/A,N/A,N/A,N/A,N/A,N/A,N/A,6.11
86,Providence University,3.81,Bachelors,Providence,N/A,0,1,1.0,N/A,Junior SWE,5/20,N/A,N/A,N/A,N/A,N/A,N/A,N/A,1.33
87,Providence University,3.81,Bachelors,Providence,N/A,0,1,N/A,0.0,Junior SWE,5/20,N/A,N/A,N/A,N/A,N/A,N/A,N/A,8.78
88,Providence University,3.81,Bachelors,Providence,N/A,0,1,N/A,1.0,Junior SWE,5/20,N/A,N/A,N/A,N/A,N/A,N/A,N/A,7.39
89,Providence University,3.81,Bachelors,Providence,N/A,0,1,N/A,N/A,Junior SWE,5/20,N/A,N/A,N/A,N/A,N/A,N/A,N/A,3.08
90,Providence University,3.81,Bachelors,Providence,N/A,1,0,0.0,0.0,Junior SWE,5/20,N/A,N/A,N/A,N/A,N/A,N/A,N/A,7.97
91,Providence University,3.81,Bachelors,Providence,N/A,1,0,0.0,1.0,Junior SWE,5/20,N/A,N/A,N/A,N/A,N/A,N/A,N/A,5.42
92,Providence University,3.81,Bachelors,Providence,N/A,1,0,0.0,N/A,Junior SWE,5/20,N/A,N/A,N/A,N/A,N/A,N/A,N/A,7.88
93,Providence University,3.81,Bachelors,Providence,N/A,1,0,1.0,0.0,Junior SWE,5/20,N/A,N/A,N/A,N/A,N/A,N/A,N/A,5.13
94,Providence University,3.81,Bachelors,Providence,N/A,1,0,1.0,1.0,Junior SWE,5/20,N/A,N/A,N/A,N/A,N/A,N/A,N/A,9.85
95,Providence University,3.81,Bachelors,Providence,N/A,1,0,1.0,N/A,Junior SWE,5/20,N/A,N/A,N/A,N/A,N/A,N/A,N/A,1.69
96,Providence University,3.81,Bachelors,Providence,N/A,1,0,N/A,0.0,Junior SWE,5/20,N/A,N/A,N/A,N/A,N/A,N/A,N/A,6.93
97,Providence University,3.81,Bachelors,Providence,N/A,1,0,N/A,1.0,Junior SWE,5/20,N/A,N/A,N/A,N/A,N/A,N/A,N/A,0.43
98,Providence University,3.81,Bachelors,Providence,N/A,1,0,N/A,N/A,Junior SWE,5/20,N/A,N/A,N/A,N/A,N/A,N/A,N/A,6.85
99,Providence University,3.81,Bachelors,Providence,N/A,1,1,0.0,0.0,Junior SWE,5/20,N/A,N/A,N/A,N/A,N/A,N/A,N/A,7.23
100,Providence University,3.81,Bachelors,Providence,N/A,1,1,0.0,1.0,Junior SWE,5/20,N/A,N/A,N/A,N/A,N/A,N/A,N/A,9.93
101,Providence University,3.81,Bachelors,Providence,N/A,1,1,0.0,N/A,Junior SWE,5/20,N/A,N/A,N/A,N/A,N/A,N/A,N/A,6.85
102,Providence University,3.81,Bachelors,Providence,N/A,1,1,1.0,0.0,Junior SWE,5/20,N/A,N/A,N/A,N/A,N/A,N/A,N/A,3.78
103,Providence University,3.81,Bachelors,Providence,N/A,1,1,1.0,1.0,Junior SWE,5/20,N/A,N/A,N/A,N/A,N/A,N/A,N/A,8.16
104,Providence University,3.81,Bachelors,Providence,N/A,1,1,1.0,N/A,Junior SWE,5/20,N/A,N/A,N/A,N/A,N/A,N/A,N/A,9.19
105,Providence University,3.81,Bachelors,Providence,N/A,1,1,N/A,0.0,Junior SWE,5/20,N/A,N/A,N/A,N/A,N/A,N/A,N/A,8.68
106,Providence University,3.81,Bachelors,Providence,N/A,1,1,N/A,1.0,Junior SWE,5/20,N/A,N/A,N/A,N/A,N/A,N/A,N/A,5.21
107,Providence University,3.81,Bachelors,Providence,N/A,1,1,N/A,N/A,Junior SWE,5/20,N/A,N/A,N/A,N/A,N/A,N/A,N/A,9.3
108,Providence State University,3.62,Phd,Boston,M,0,0,0.0,0.0,Senior SWE,2/23,N/A,Junior SWE,2/23,5/20,Research Assistant,2/18,5/20,7.88
109,Providence State University,3.62,Phd,Boston,M,0,0,0.0,1.0,Senior SWE,2/23,N/A,Junior SWE,2/23,5/20,Research Assistant,2/18,5/20,0.34
110,Providence State University,3.62,Phd,Boston,M,0,0,0.0,N/A,Senior SWE,2/23,N/A,Junior SWE,2/23,5/20,Research Assistant,2/18,5/20,5.78
111,Providence State University,3.62,Phd,Boston,M,0,0,1.0,0.0,Senior SWE,2/23,N/A,Junior SWE,2/23,5/20,Research Assistant,2/18,5/20,9.51
112,Providence State University,3.62,Phd,Boston,M,0,0,1.0,1.0,Senior SWE,2/23,N/A,Junior SWE,2/23,5/20,Research Assistant,2/18,5/20,4.73
113,Providence State University,3.62,Phd,Boston,M,0,0,1.0,N/A,Senior SWE,2/23,N/A,Junior SWE,2/23,5/20,Research Assistant,2/18,5/20,3.66
114,Providence State University,3.62,Phd,Boston,M,0,0,N/A,0.0,Senior SWE,2/23,N/A,Junior SWE,2/23,5/20,Research Assistant,2/18,5/20,3.16
115,Providence State University,3.62,Phd,Boston,M,0,0,N/A,1.0,Senior SWE,2/23,N/A,Junior SWE,2/23,5/20,Research Assistant,2/18,5/20,1.99
116,Providence State University,3.62,Phd,Boston,M,0,0,N/A,N/A,Senior SWE,2/23,N/A,Junior SWE,2/23,5/20,Research Assistant,2/18,5/20,1.25
117,Providence State University,3.62,Phd,Boston,M,0,1,0.0,0.0,Senior SWE,2/23,N/A,Junior SWE,2/23,5/20,Research Assistant,2/18,5/20,8.23
118,Providence State University,3.62,Phd,Boston,M,0,1,0.0,1.0,Senior SWE,2/23,N/A,Junior SWE,2/23,5/20,Research Assistant,2/18,5/20,3.43
119,Providence State University,3.62,Phd,Boston,M,0,1,0.0,N/A,Senior SWE,2/23,N/A,Junior SWE,2/23,5/20,Research Assistant,2/18,5/20,4.13
120,Providence State University,3.62,Phd,Boston,M,0,1,1.0,0.0,Senior SWE,2/23,N/A,Junior SWE,2/23,5/20,Research Assistant,2/18,5/20,8.17
121,Providence State University,3.62,Phd,Boston,M,0,1,1.0,1.0,Senior SWE,2/23,N/A,Junior SWE,2/23,5/20,Research Assistant,2/18,5/20,7.83
122,Providence State University,3.62,Phd,Boston,M,0,1,1.0,N/A,Senior SWE,2/23,N/A,Junior SWE,2/23,5/20,Research Assistant,2/18,5/20,9.96
123,Providence State University,3.62,Phd,Boston,M,0,1,N/A,0.0,Senior SWE,2/23,N/A,Junior SWE,2/23,5/20,Research Assistant,2/18,5/20,9.04
124,Providence State University,3.62,Phd,Boston,M,0,1,N/A,1.0,Senior SWE,2/23,N/A,Junior SWE,2/23,5/20,Research Assistant,2/18,5/20,4.84
125,Providence State University,3.62,Phd,Boston,M,0,1,N/A,N/A,Senior SWE,2/23,N/A,Junior SWE,2/23,5/20,Research Assistant,2/18,5/20,7.11
126,Providence State University,3.62,Phd,Boston,M,1,0,0.0,0.0,Senior SWE,2/23,N/A,Junior SWE,2/23,5/20,Research Assistant,2/18,5/20,3.14
127,Providence State University,3.62,Phd,Boston,M,1,0,0.0,1.0,Senior SWE,2/23,N/A,Junior SWE,2/23,5/20,Research Assistant,2/18,5/20,2.11
128,Providence State University,3.62,Phd,Boston,M,1,0,0.0,N/A,Senior SWE,2/23,N/A,Junior SWE,2/23,5/20,Research Assistant,2/18,5/20,6.41
129,Providence State University,3.62,Phd,Boston,M,1,0,1.0,0.0,Senior SWE,2/23,N/A,Junior SWE,2/23,5/20,Research Assistant,2/18,5/20,3.29
130,Providence State University,3.62,Phd,Boston,M,1,0,1.0,1.0,Senior SWE,2/23,N/A,Junior SWE,2/23,5/20,Research Assistant,2/18,5/20,7.76
131,Providence State University,3.62,Phd,Boston,M,1,0,1.0,N/A,Senior SWE,2/23,N/A,Junior SWE,2/23,5/20,Research Assistant,2/18,5/20,2.03
132,Providence State University,3.62,Phd,Boston,M,1,0,N/A,0.0,Senior SWE,2/23,N/A,Junior SWE,2/23,5/20,Research Assistant,2/18,5/20,6.76
133,Providence State University,3.62,Phd,Boston,M,1,0,N/A,1.0,Senior SWE,2/23,N/A,Junior SWE,2/23,5/20,Research Assistant,2/18,5/20,9.45
134,Providence State University,3.62,Phd,Boston,M,1,0,N/A,N/A,Senior SWE,2/23,N/A,Junior SWE,2/23,5/20,Research Assistant,2/18,5/20,8.56
135,Providence State University,3.62,Phd,Boston,M,1,1,0.0,0.0,Senior SWE,2/23,N/A,Junior SWE,2/23,5/20,Research Assistant,2/18,5/20,2.02
136,Providence State University,3.62,Phd,Boston,M,1,1,0.0,1.0,Senior SWE,2/23,N/A,Junior SWE,2/23,5/20,Research Assistant,2/18,5/20,1.64
137,Providence State University,3.62,Phd,Boston,M,1,1,0.0,N/A,Senior SWE,2/23,N/A,Junior SWE,2/23,5/20,Research Assistant,2/18,5/20,2.3
138,Providence State University,3.62,Phd,Boston,M,1,1,1.0,0.0,Senior SWE,2/23,N/A,Junior SWE,2/23,5/20,Research Assistant,2/18,5/20,3.52
139,Providence State University,3.62,Phd,Boston,M,1,1,1.0,1.0,Senior SWE,2/23,N/A,Junior SWE,2/23,5/20,Research Assistant,2/18,5/20,9.41
140,Providence State University,3.62,Phd,Boston,M,1,1,1.0,N/A,Senior SWE,2/23,N/A,Junior SWE,2/23,5/20,Research Assistant,2/18,5/20,0.23
141,Providence State University,3.62,Phd,Boston,M,1,1,N/A,0.0,Senior SWE,2/23,N/A,Junior SWE,2/23,5/20,Research Assistant,2/18,5/20,2.72
142,Providence State University,3.62,Phd,Boston,M,1,1,N/A,1.0,Senior SWE,2/23,N/A,Junior SWE,2/23,5/20,Research Assistant,2/18,5/20,1.7
143,Providence State University,3.62,Phd,Boston,M,1,1,N/A,N/A,Senior SWE,2/23,N/A,Junior SWE,2/23,5/20,Research Assistant,2/18,5/20,2.21
144,Providence State University,3.62,Phd,Boston,F,0,0,0.0,0.0,Senior SWE,2/23,N/A,Junior SWE,2/23,5/20,Research Assistant,2/18,5/20,9.42
145,Providence State University,3.62,Phd,Boston,F,0,0,0.0,1.0,Senior SWE,2/23,N/A,Junior SWE,2/23,5/20,Research Assistant,2/18,5/20,6.04
146,Providence State University,3.62,Phd,Boston,F,0,0,0.0,N/A,Senior SWE,2/23,N/A,Junior SWE,2/23,5/20,Research Assistant,2/18,5/20,2.12
147,Providence State University,3.62,Phd,Boston,F,0,0,1.0,0.0,Senior SWE,2/23,N/A,Junior SWE,2/23,5/20,Research Assistant,2/18,5/20,8.93
148,Providence State University,3.62,Phd,Boston,F,0,0,1.0,1.0,Senior SWE,2/23,N/A,Junior SWE,2/23,5/20,Research Assistant,2/18,5/20,0.82
149,Providence State University,3.62,Phd,Boston,F,0,0,1.0,N/A,Senior SWE,2/23,N/A,Junior SWE,2/23,5/20,Research Assistant,2/18,5/20,2.59
150,Providence State University,3.62,Phd,Boston,F,0,0,N/A,0.0,Senior SWE,2/23,N/A,Junior SWE,2/23,5/20,Research Assistant,2/18,5/20,2.61
151,Providence State University,3.62,Phd,Boston,F,0,0,N/A,1.0,Senior SWE,2/23,N/A,Junior SWE,2/23,5/20,Research Assistant,2/18,5/20,1.67
152,Providence State University,3.62,Phd,Boston,F,0,0,N/A,N/A,Senior SWE,2/23,N/A,Junior SWE,2/23,5/20,Research Assistant,2/18,5/20,5.21
153,Providence State University,3.62,Phd,Boston,F,0,1,0.0,0.0,Senior SWE,2/23,N/A,Junior SWE,2/23,5/20,Research Assistant,2/18,5/20,5.74
154,Providence State University,3.62,Phd,Boston,F,0,1,0.0,1.0,Senior SWE,2/23,N/A,Junior SWE,2/23,5/20,Research Assistant,2/18,5/20,4.33
155,Providence State University,3.62,Phd,Boston,F,0,1,0.0,N/A,Senior SWE,2/23,N/A,Junior SWE,2/23,5/20,Research Assistant,2/18,5/20,0.83
156,Providence State University,3.62,Phd,Boston,F,0,1,1.0,0.0,Senior SWE,2/23,N/A,Junior SWE,2/23,5/20,Research Assistant,2/18,5/20,5.27
157,Providence State University,3.62,Phd,Boston,F,0,1,1.0,1.0,Senior SWE,2/23,N/A,Junior SWE,2/23,5/20,Research Assistant,2/18,5/20,2.37
158,Providence State University,3.62,Phd,Boston,F,0,1,1.0,N/A,Senior SWE,2/23,N/A,Junior SWE,2/23,5/20,Research Assistant,2/18,5/20,3.96
159,Providence State University,3.62,Phd,Boston,F,0,1,N/A,0.0,Senior SWE,2/23,N/A,Junior SWE,2/23,5/20,Research Assistant,2/18,5/20,6.31
160,Providence State University,3.62,Phd,Boston,F,0,1,N/A,1.0,Senior SWE,2/23,N/A,Junior SWE,2/23,5/20,Research Assistant,2/18,5/20,2.77
161,Providence State University,3.62,Phd,Boston,F,0,1,N/A,N/A,Senior SWE,2/23,N/A,Junior SWE,2/23,5/20,Research Assistant,2/18,5/20,4.93
162,Providence State University,3.62,Phd,Boston,F,1,0,0.0,0.0,Senior SWE,2/23,N/A,Junior SWE,2/23,5/20,Research Assistant,2/18,5/20,9.18
163,Providence State University,3.62,Phd,Boston,F,1,0,0.0,1.0,Senior SWE,2/23,N/A,Junior SWE,2/23,5/20,Research Assistant,2/18,5/20,3.05
164,Providence State University,3.62,Phd,Boston,F,1,0,0.0,N/A,Senior SWE,2/23,N/A,Junior SWE,2/23,5/20,Research Assistant,2/18,5/20,9.33
165,Providence State University,3.62,Phd,Boston,F,1,0,1.0,0.0,Senior SWE,2/23,N/A,Junior SWE,2/23,5/20,Research Assistant,2/18,5/20,8.18
166,Providence State University,3.62,Phd,Boston,F,1,0,1.0,1.0,Senior SWE,2/23,N/A,Junior SWE,2/23,5/20,Research Assistant,2/18,5/20,3.71
167,Providence State University,3.62,Phd,Boston,F,1,0,1.0,N/A,Senior SWE,2/23,N/A,Junior SWE,2/23,5/20,Research Assistant,2/18,5/20,6.4
168,Providence State University,3.62,Phd,Boston,F,1,0,N/A,0.0,Senior SWE,2/23,N/A,Junior SWE,2/23,5/20,Research Assistant,2/18,5/20,5.29
169,Providence State University,3.62,Phd,Boston,F,1,0,N/A,1.0,Senior SWE,2/23,N/A,Junior SWE,2/23,5/20,Research Assistant,2/18,5/20,7.87
170,Providence State University,3.62,Phd,Boston,F,1,0,N/A,N/A,Senior SWE,2/23,N/A,Junior SWE,2/23,5/20,Research Assistant,2/18,5/20,6.68
171,Providence State University,3.62,Phd,Boston,F,1,1,0.0,0.0,Senior SWE,2/23,N/A,Junior SWE,2/23,5/20,Research Assistant,2/18,5/20,6.64
172,Providence State University,3.62,Phd,Boston,F,1,1,0.0,1.0,Senior SWE,2/23,N/A,Junior SWE,2/23,5/20,Research Assistant,2/18,5/20,1.67
173,Providence State University,3.62,Phd,Boston,F,1,1,0.0,N/A,Senior SWE,2/23,N/A,Junior SWE,2/23,5/20,Research Assistant,2/18,5/20,2.53
174,Providence State University,3.62,Phd,Boston,F,1,1,1.0,0.0,Senior SWE,2/23,N/A,Junior SWE,2/23,5/20,Research Assistant,2/18,5/20,0.26
175,Providence State University,3.62,Phd,Boston,F,1,1,1.0,1.0,Senior SWE,2/23,N/A,Junior SWE,2/23,5/20,Research Assistant,2/18,5/20,8.99
176,Providence State University,3.62,Phd,Boston,F,1,1,1.0,N/A,Senior SWE,2/23,N/A,Junior SWE,2/23,5/20,Research Assistant,2/18,5/20,9.97
177,Providence State University,3.62,Phd,Boston,F,1,1,N/A,0.0,Senior SWE,2/23,N/A,Junior SWE,2/23,5/20,Research Assistant,2/18,5/20,9.93
178,Providence State University,3.62,Phd,Boston,F,1,1,N/A,1.0,Senior SWE,2/23,N/A,Junior SWE,2/23,5/20,Research Assistant,2/18,5/20,7.06
179,Providence State University,3.62,Phd,Boston,F,1,1,N/A,N/A,Senior SWE,2/23,N/A,Junior SWE,2/23,5/20,Research Assistant,2/18,5/20,2.2
180,Providence State University,3.62,Phd,Boston,N/A,0,0,0.0,0.0,Senior SWE,2/23,N/A,Junior SWE,2/23,5/20,Research Assistant,2/18,5/20,9.02
181,Providence State University,3.62,Phd,Boston,N/A,0,0,0.0,1.0,Senior SWE,2/23,N/A,Junior SWE,2/23,5/20,Research Assistant,2/18,5/20,6.0
182,Providence State University,3.62,Phd,Boston,N/A,0,0,0.0,N/A,Senior SWE,2/23,N/A,Junior SWE,2/23,5/20,Research Assistant,2/18,5/20,6.28
183,Providence State University,3.62,Phd,Boston,N/A,0,0,1.0,0.0,Senior SWE,2/23,N/A,Junior SWE,2/23,5/20,Research Assistant,2/18,5/20,6.42
184,Providence State University,3.62,Phd,Boston,N/A,0,0,1.0,1.0,Senior SWE,2/23,N/A,Junior SWE,2/23,5/20,Research Assistant,2/18,5/20,7.55
185,Providence State University,3.62,Phd,Boston,N/A,0,0,1.0,N/A,Senior SWE,2/23,N/A,Junior SWE,2/23,5/20,Research Assistant,2/18,5/20,8.13
186,Providence State University,3.62,Phd,Boston,N/A,0,0,N/A,0.0,Senior SWE,2/23,N/A,Junior SWE,2/23,5/20,Research Assistant,2/18,5/20,8.37
187,Providence State University,3.62,Phd,Boston,N/A,0,0,N/A,1.0,Senior SWE,2/23,N/A,Junior SWE,2/23,5/20,Research Assistant,2/18,5/20,8.99
188,Providence State University,3.62,Phd,Boston,N/A,0,0,N/A,N/A,Senior SWE,2/23,N/A,Junior SWE,2/23,5/20,Research Assistant,2/18,5/20,2.32
189,Providence State University,3.62,Phd,Boston,N/A,0,1,0.0,0.0,Senior SWE,2/23,N/A,Junior SWE,2/23,5/20,Research Assistant,2/18,5/20,0.06
190,Providence State University,3.62,Phd,Boston,N/A,0,1,0.0,1.0,Senior SWE,2/23,N/A,Junior SWE,2/23,5/20,Research Assistant,2/18,5/20,7.23
191,Providence State University,3.62,Phd,Boston,N/A,0,1,0.0,N/A,Senior SWE,2/23,N/A,Junior SWE,2/23,5/20,Research Assistant,2/18,5/20,4.43
192,Providence State University,3.62,Phd,Boston,N/A,0,1,1.0,0.0,Senior SWE,2/23,N/A,Junior SWE,2/23,5/20,Research Assistant,2/18,5/20,1.75
193,Providence State University,3.62,Phd,Boston,N/A,0,1,1.0,1.0,Senior SWE,2/23,N/A,Junior SWE,2/23,5/20,Research Assistant,2/18,5/20,7.86
194,Providence State University,3.62,Phd,Boston,N/A,0,1,1.0,N/A,Senior SWE,2/23,N/A,Junior SWE,2/23,5/20,Research Assistant,2/18,5/20,1.04
195,Providence State University,3.62,Phd,Boston,N/A,0,1,N/A,0.0,Senior SWE,2/23,N/A,Junior SWE,2/23,5/20,Research Assistant,2/18,5/20,8.01
196,Providence State University,3.62,Phd,Boston,N/A,0,1,N/A,1.0,Senior SWE,2/23,N/A,Junior SWE,2/23,5/20,Research Assistant,2/18,5/20,0.84
197,Providence State University,3.62,Phd,Boston,N/A,0,1,N/A,N/A,Senior SWE,2/23,N/A,Junior SWE,2/23,5/20,Research Assistant,2/18,5/20,2.13
198,Providence State University,3.62,Phd,Boston,N/A,1,0,0.0,0.0,Senior SWE,2/23,N/A,Junior SWE,2/23,5/20,Research Assistant,2/18,5/20,5.81
199,Providence State University,3.62,Phd,Boston,N/A,1,0,0.0,1.0,Senior SWE,2/23,N/A,Junior SWE,2/23,5/20,Research Assistant,2/18,5/20,2.61
200,Providence State University,3.62,Phd,Boston,N/A,1,0,0.0,N/A,Senior SWE,2/23,N/A,Junior SWE,2/23,5/20,Research Assistant,2/18,5/20,6.61
201,Providence State University,3.62,Phd,Boston,N/A,1,0,1.0,0.0,Senior SWE,2/23,N/A,Junior SWE,2/23,5/20,Research Assistant,2/18,5/20,8.28
202,Providence State University,3.62,Phd,Boston,N/A,1,0,1.0,1.0,Senior SWE,2/23,N/A,Junior SWE,2/23,5/20,Research Assistant,2/18,5/20,1.15
203,Providence State University,3.62,Phd,Boston,N/A,1,0,1.0,N/A,Senior SWE,2/23,N/A,Junior SWE,2/23,5/20,Research Assistant,2/18,5/20,1.37
204,Providence State University,3.62,Phd,Boston,N/A,1,0,N/A,0.0,Senior SWE,2/23,N/A,Junior SWE,2/23,5/20,Research Assistant,2/18,5/20,9.7
205,Providence State University,3.62,Phd,Boston,N/A,1,0,N/A,1.0,Senior SWE,2/23,N/A,Junior SWE,2/23,5/20,Research Assistant,2/18,5/20,5.28
206,Providence State University,3.62,Phd,Boston,N/A,1,0,N/A,N/A,Senior SWE,2/23,N/A,Junior SWE,2/23,5/20,Research Assistant,2/18,5/20,1.37
207,Providence State University,3.62,Phd,Boston,N/A,1,1,0.0,0.0,Senior SWE,2/23,N/A,Junior SWE,2/23,5/20,Research Assistant,2/18,5/20,0.32
208,Providence State University,3.62,Phd,Boston,N/A,1,1,0.0,1.0,Senior SWE,2/23,N/A,Junior SWE,2/23,5/20,Research Assistant,2/18,5/20,0.18
209,Providence State University,3.62,Phd,Boston,N/A,1,1,0.0,N/A,Senior SWE,2/23,N/A,Junior SWE,2/23,5/20,Research Assistant,2/18,5/20,1.16
210,Providence State University,3.62,Phd,Boston,N/A,1,1,1.0,0.0,Senior SWE,2/23,N/A,Junior SWE,2/23,5/20,Research Assistant,2/18,5/20,5.19
211,Providence State University,3.62,Phd,Boston,N/A,1,1,1.0,1.0,Senior SWE,2/23,N/A,Junior SWE,2/23,5/20,Research Assistant,2/18,5/20,6.04
212,Providence State University,3.62,Phd,Boston,N/A,1,1,1.0,N/A,Senior SWE,2/23,N/A,Junior SWE,2/23,5/20,Research Assistant,2/18,5/20,9.58
213,Providence State University,3.62,Phd,Boston,N/A,1,1,N/A,0.0,Senior SWE,2/23,N/A,Junior SWE,2/23,5/20,Research Assistant,2/18,5/20,4.73
214,Providence State University,3.62,Phd,Boston,N/A,1,1,N/A,1.0,Senior SWE,2/23,N/A,Junior SWE,2/23,5/20,Research Assistant,2/18,5/20,4.8
215,Providence State University,3.62,Phd,Boston,N/A,1,1,N/A,N/A,Senior SWE,2/23,N/A,Junior SWE,2/23,5/20,Research Assistant,2/18,5/20,3.35
216,State Providence College,3.45,Bachelors,Los Angeles,M,0,0,0.0,0.0,Data scientist,3/19,N/A,N/A,N/A,N/A,N/A,N/A,N/A,7.37
217,State Providence College,3.45,Bachelors,Los Angeles,M,0,0,0.0,1.0,Data scientist,3/19,N/A,N/A,N/A,N/A,N/A,N/A,N/A,9.85
218,State Providence College,3.45,Bachelors,Los Angeles,M,0,0,0.0,N/A,Data scientist,3/19,N/A,N/A,N/A,N/A,N/A,N/A,N/A,7.98
219,State Providence College,3.45,Bachelors,Los Angeles,M,0,0,1.0,0.0,Data scientist,3/19,N/A,N/A,N/A,N/A,N/A,N/A,N/A,7.9
220,State Providence College,3.45,Bachelors,Los Angeles,M,0,0,1.0,1.0,Data scientist,3/19,N/A,N/A,N/A,N/A,N/A,N/A,N/A,3.23
221,State Providence College,3.45,Bachelors,Los Angeles,M,0,0,1.0,N/A,Data scientist,3/19,N/A,N/A,N/A,N/A,N/A,N/A,N/A,4.01
222,State Providence College,3.45,Bachelors,Los Angeles,M,0,0,N/A,0.0,Data scientist,3/19,N/A,N/A,N/A,N/A,N/A,N/A,N/A,4.59
223,State Providence College,3.45,Bachelors,Los Angeles,M,0,0,N/A,1.0,Data scientist,3/19,N/A,N/A,N/A,N/A,N/A,N/A,N/A,1.99
224,State Providence College,3.45,Bachelors,Los Angeles,M,0,0,N/A,N/A,Data scientist,3/19,N/A,N/A,N/A,N/A,N/A,N/A,N/A,4.52
225,State Providence College,3.45,Bachelors,Los Angeles,M,0,1,0.0,0.0,Data scientist,3/19,N/A,N/A,N/A,N/A,N/A,N/A,N/A,0.02
226,State Providence College,3.45,Bachelors,Los Angeles,M,0,1,0.0,1.0,Data scientist,3/19,N/A,N/A,N/A,N/A,N/A,N/A,N/A,5.8
227,State Providence College,3.45,Bachelors,Los Angeles,M,0,1,0.0,N/A,Data scientist,3/19,N/A,N/A,N/A,N/A,N/A,N/A,N/A,0.95
228,State Providence College,3.45,Bachelors,Los Angeles,M,0,1,1.0,0.0,Data scientist,3/19,N/A,N/A,N/A,N/A,N/A,N/A,N/A,1.05
229,State Providence College,3.45,Bachelors,Los Angeles,M,0,1,1.0,1.0,Data scientist,3/19,N/A,N/A,N/A,N/A,N/A,N/A,N/A,5.42
230,State Providence College,3.45,Bachelors,Los Angeles,M,0,1,1.0,N/A,Data scientist,3/19,N/A,N/A,N/A,N/A,N/A,N/A,N/A,6.4
231,State Providence College,3.45,Bachelors,Los Angeles,M,0,1,N/A,0.0,Data scientist,3/19,N/A,N/A,N/A,N/A,N/A,N/A,N/A,8.8
232,State Providence College,3.45,Bachelors,Los Angeles,M,0,1,N/A,1.0,Data scientist,3/19,N/A,N/A,N/A,N/A,N/A,N/A,N/A,1.37
233,State Providence College,3.45,Bachelors,Los Angeles,M,0,1,N/A,N/A,Data scientist,3/19,N/A,N/A,N/A,N/A,N/A,N/A,N/A,5.56
234,State Providence College,3.45,Bachelors,Los Angeles,M,1,0,0.0,0.0,Data scientist,3/19,N/A,N/A,N/A,N/A,N/A,N/A,N/A,0.61
235,State Providence College,3.45,Bachelors,Los Angeles,M,1,0,0.0,1.0,Data scientist,3/19,N/A,N/A,N/A,N/A,N/A,N/A,N/A,3.3
236,State Providence College,3.45,Bachelors,Los Angeles,M,1,0,0.0,N/A,Data scientist,3/19,N/A,N/A,N/A,N/A,N/A,N/A,N/A,6.82
237,State Providence College,3.45,Bachelors,Los Angeles,M,1,0,1.0,0.0,Data scientist,3/19,N/A,N/A,N/A,N/A,N/A,N/A,N/A,3.81
238,State Providence College,3.45,Bachelors,Los Angeles,M,1,0,1.0,1.0,Data scientist,3/19,N/A,N/A,N/A,N/A,N/A,N/A,N/A,7.75
239,State Providence College,3.45,Bachelors,Los Angeles,M,1,0,1.0,N/A,Data scientist,3/19,N/A,N/A,N/A,N/A,N/A,N/A,N/A,4.17
240,State Providence College,3.45,Bachelors,Los Angeles,M,1,0,N/A,0.0,Data scientist,3/19,N/A,N/A,N/A,N/A,N/A,N/A,N/A,1.69
241,State Providence College,3.45,Bachelors,Los Angeles,M,1,0,N/A,1.0,Data scientist,3/19,N/A,N/A,N/A,N/A,N/A,N/A,N/A,6.09
242,State Providence College,3.45,Bachelors,Los Angeles,M,1,0,N/A,N/A,Data scientist,3/19,N/A,N/A,N/A,N/A,N/A,N/A,N/A,2.16
243,State Providence College,3.45,Bachelors,Los Angeles,M,1,1,0.0,0.0,Data scientist,3/19,N/A,N/A,N/A,N/A,N/A,N/A,N/A,1.93
244,State Providence College,3.45,Bachelors,Los Angeles,M,1,1,0.0,1.0,Data scientist,3/19,N/A,N/A,N/A,N/A,N/A,N/A,N/A,4.85
245,State Providence College,3.45,Bachelors,Los Angeles,M,1,1,0.0,N/A,Data scientist,3/19,N/A,N/A,N/A,N/A,N/A,N/A,N/A,7.45
246,State Providence College,3.45,Bachelors,Los Angeles,M,1,1,1.0,0.0,Data scientist,3/19,N/A,N/A,N/A,N/A,N/A,N/A,N/A,7.08
247,State Providence College,3.45,Bachelors,Los Angeles,M,1,1,1.0,1.0,Data scientist,3/19,N/A,N/A,N/A,N/A,N/A,N/A,N/A,4.58
248,State Providence College,3.45,Bachelors,Los Angeles,M,1,1,1.0,N/A,Data scientist,3/19,N/A,N/A,N/A,N/A,N/A,N/A,N/A,2.33
249,State Providence College,3.45,Bachelors,Los Angeles,M,1,1,N/A,0.0,Data scientist,3/19,N/A,N/A,N/A,N/A,N/A,N/A,N/A,6.41
250,State Providence College,3.45,Bachelors,Los Angeles,M,1,1,N/A,1.0,Data scientist,3/19,N/A,N/A,N/A,N/A,N/A,N/A,N/A,9.19
251,State Providence College,3.45,Bachelors,Los Angeles,M,1,1,N/A,N/A,Data scientist,3/19,N/A,N/A,N/A,N/A,N/A,N/A,N/A,2.57
252,State Providence College,3.45,Bachelors,Los Angeles,F,0,0,0.0,0.0,Data scientist,3/19,N/A,N/A,N/A,N/A,N/A,N/A,N/A,9.35
253,State Providence College,3.45,Bachelors,Los Angeles,F,0,0,0.0,1.0,Data scientist,3/19,N/A,N/A,N/A,N/A,N/A,N/A,N/A,7.07
254,State Providence College,3.45,Bachelors,Los Angeles,F,0,0,0.0,N/A,Data scientist,3/19,N/A,N/A,N/A,N/A,N/A,N/A,N/A,3.41
255,State Providence College,3.45,Bachelors,Los Angeles,F,0,0,1.0,0.0,Data scientist,3/19,N/A,N/A,N/A,N/A,N/A,N/A,N/A,2.26
256,State Providence College,3.45,Bachelors,Los Angeles,F,0,0,1.0,1.0,Data scientist,3/19,N/A,N/A,N/A,N/A,N/A,N/A,N/A,8.01
257,State Providence College,3.45,Bachelors,Los Angeles,F,0,0,1.0,N/A,Data scientist,3/19,N/A,N/A,N/A,N/A,N/A,N/A,N/A,8.79
258,State Providence College,3.45,Bachelors,Los Angeles,F,0,0,N/A,0.0,Data scientist,3/19,N/A,N/A,N/A,N/A,N/A,N/A,N/A,4.01
259,State Providence College,3.45,Bachelors,Los Angeles,F,0,0,N/A,1.0,Data scientist,3/19,N/A,N/A,N/A,N/A,N/A,N/A,N/A,6.51
260,State Providence College,3.45,Bachelors,Los Angeles,F,0,0,N/A,N/A,Data scientist,3/19,N/A,N/A,N/A,N/A,N/A,N/A,N/A,5.33
261,State Providence College,3.45,Bachelors,Los Angeles,F,0,1,0.0,0.0,Data scientist,3/19,N/A,N/A,N/A,N/A,N/A,N/A,N/A,6.78
262,State Providence College,3.45,Bachelors,Los Angeles,F,0,1,0.0,1.0,Data scientist,3/19,N/A,N/A,N/A,N/A,N/A,N/A,N/A,7.36
263,State Providence College,3.45,Bachelors,Los Angeles,F,0,1,0.0,N/A,Data scientist,3/19,N/A,N/A,N/A,N/A,N/A,N/A,N/A,8.61
264,State Providence College,3.45,Bachelors,Los Angeles,F,0,1,1.0,0.0,Data scientist,3/19,N/A,N/A,N/A,N/A,N/A,N/A,N/A,6.57
265,State Providence College,3.45,Bachelors,Los Angeles,F,0,1,1.0,1.0,Data scientist,3/19,N/A,N/A,N/A,N/A,N/A,N/A,N/A,0.08
266,State Providence College,3.45,Bachelors,Los Angeles,F,0,1,1.0,N/A,Data scientist,3/19,N/A,N/A,N/A,N/A,N/A,N/A,N/A,7.97
267,State Providence College,3.45,Bachelors,Los Angeles,F,0,1,N/A,0.0,Data scientist,3/19,N/A,N/A,N/A,N/A,N/A,N/A,N/A,2.02
268,State Providence College,3.45,Bachelors,Los Angeles,F,0,1,N/A,1.0,Data scientist,3/19,N/A,N/A,N/A,N/A,N/A,N/A,N/A,5.22
269,State Providence College,3.45,Bachelors,Los Angeles,F,0,1,N/A,N/A,Data scientist,3/19,N/A,N/A,N/A,N/A,N/A,N/A,N/A,8.9
270,State Providence College,3.45,Bachelors,Los Angeles,F,1,0,0.0,0.0,Data scientist,3/19,N/A,N/A,N/A,N/A,N/A,N/A,N/A,9.81
271,State Providence College,3.45,Bachelors,Los Angeles,F,1,0,0.0,1.0,Data scientist,3/19,N/A,N/A,N/A,N/A,N/A,N/A,N/A,9.0
272,State Providence College,3.45,Bachelors,Los Angeles,F,1,0,0.0,N/A,Data scientist,3/19,N/A,N/A,N/A,N/A,N/A,N/A,N/A,9.47
273,State Providence College,3.45,Bachelors,Los Angeles,F,1,0,1.0,0.0,Data scientist,3/19,N/A,N/A,N/A,N/A,N/A,N/A,N/A,9.27
274,State Providence College,3.45,Bachelors,Los Angeles,F,1,0,1.0,1.0,Data scientist,3/19,N/A,N/A,N/A,N/A,N/A,N/A,N/A,7.84
275,State Providence College,3.45,Bachelors,Los Angeles,F,1,0,1.0,N/A,Data scientist,3/19,N/A,N/A,N/A,N/A,N/A,N/A,N/A,0.23
276,State Providence College,3.45,Bachelors,Los Angeles,F,1,0,N/A,0.0,Data scientist,3/19,N/A,N/A,N/A,N/A,N/A,N/A,N/A,4.99
277,State Providence College,3.45,Bachelors,Los Angeles,F,1,0,N/A,1.0,Data scientist,3/19,N/A,N/A,N/A,N/A,N/A,N/A,N/A,7.01
278,State Providence College,3.45,Bachelors,Los Angeles,F,1,0,N/A,N/A,Data scientist,3/19,N/A,N/A,N/A,N/A,N/A,N/A,N/A,0.09
279,State Providence College,3.45,Bachelors,Los Angeles,F,1,1,0.0,0.0,Data scientist,3/19,N/A,N/A,N/A,N/A,N/A,N/A,N/A,4.06
280,State Providence College,3.45,Bachelors,Los Angeles,F,1,1,0.0,1.0,Data scientist,3/19,N/A,N/A,N/A,N/A,N/A,N/A,N/A,7.9
281,State Providence College,3.45,Bachelors,Los Angeles,F,1,1,0.0,N/A,Data scientist,3/19,N/A,N/A,N/A,N/A,N/A,N/A,N/A,1.22
282,State Providence College,3.45,Bachelors,Los Angeles,F,1,1,1.0,0.0,Data scientist,3/19,N/A,N/A,N/A,N/A,N/A,N/A,N/A,0.04
283,State Providence College,3.45,Bachelors,Los Angeles,F,1,1,1.0,1.0,Data scientist,3/19,N/A,N/A,N/A,N/A,N/A,N/A,N/A,6.31
284,State Providence College,3.45,Bachelors,Los Angeles,F,1,1,1.0,N/A,Data scientist,3/19,N/A,N/A,N/A,N/A,N/A,N/A,N/A,2.97
285,State Providence College,3.45,Bachelors,Los Angeles,F,1,1,N/A,0.0,Data scientist,3/19,N/A,N/A,N/A,N/A,N/A,N/A,N/A,5.79
286,State Providence College,3.45,Bachelors,Los Angeles,F,1,1,N/A,1.0,Data scientist,3/19,N/A,N/A,N/A,N/A,N/A,N/A,N/A,7.67
287,State Providence College,3.45,Bachelors,Los Angeles,F,1,1,N/A,N/A,Data scientist,3/19,N/A,N/A,N/A,N/A,N/A,N/A,N/A,3.06
288,State Providence College,3.45,Bachelors,Los Angeles,N/A,0,0,0.0,0.0,Data scientist,3/19,N/A,N/A,N/A,N/A,N/A,N/A,N/A,0.88
289,State Providence College,3.45,Bachelors,Los Angeles,N/A,0,0,0.0,1.0,Data scientist,3/19,N/A,N/A,N/A,N/A,N/A,N/A,N/A,9.95
290,State Providence College,3.45,Bachelors,Los Angeles,N/A,0,0,0.0,N/A,Data scientist,3/19,N/A,N/A,N/A,N/A,N/A,N/A,N/A,8.39
291,State Providence College,3.45,Bachelors,Los Angeles,N/A,0,0,1.0,0.0,Data scientist,3/19,N/A,N/A,N/A,N/A,N/A,N/A,N/A,3.79
292,State Providence College,3.45,Bachelors,Los Angeles,N/A,0,0,1.0,1.0,Data scientist,3/19,N/A,N/A,N/A,N/A,N/A,N/A,N/A,7.34
293,State Providence College,3.45,Bachelors,Los Angeles,N/A,0,0,1.0,N/A,Data scientist,3/19,N/A,N/A,N/A,N/A,N/A,N/A,N/A,9.0
294,State Providence College,3.45,Bachelors,Los Angeles,N/A,0,0,N/A,0.0,Data scientist,3/19,N/A,N/A,N/A,N/A,N/A,N/A,N/A,1.82
295,State Providence College,3.45,Bachelors,Los Angeles,N/A,0,0,N/A,1.0,Data scientist,3/19,N/A,N/A,N/A,N/A,N/A,N/A,N/A,6.15
296,State Providence College,3.45,Bachelors,Los Angeles,N/A,0,0,N/A,N/A,Data scientist,3/19,N/A,N/A,N/A,N/A,N/A,N/A,N/A,4.51
297,State Providence College,3.45,Bachelors,Los Angeles,N/A,0,1,0.0,0.0,Data scientist,3/19,N/A,N/A,N/A,N/A,N/A,N/A,N/A,2.5
298,State Providence College,3.45,Bachelors,Los Angeles,N/A,0,1,0.0,1.0,Data scientist,3/19,N/A,N/A,N/A,N/A,N/A,N/A,N/A,4.35
299,State Providence College,3.45,Bachelors,Los Angeles,N/A,0,1,0.0,N/A,Data scientist,3/19,N/A,N/A,N/A,N/A,N/A,N/A,N/A,7.62
300,State Providence College,3.45,Bachelors,Los Angeles,N/A,0,1,1.0,0.0,Data scientist,3/19,N/A,N/A,N/A,N/A,N/A,N/A,N/A,7.99
301,State Providence College,3.45,Bachelors,Los Angeles,N/A,0,1,1.0,1.0,Data scientist,3/19,N/A,N/A,N/A,N/A,N/A,N/A,N/A,3.61
302,State Providence College,3.45,Bachelors,Los Angeles,N/A,0,1,1.0,N/A,Data scientist,3/19,N/A,N/A,N/A,N/A,N/A,N/A,N/A,2.02
303,State Providence College,3.45,Bachelors,Los Angeles,N/A,0,1,N/A,0.0,Data scientist,3/19,N/A,N/A,N/A,N/A,N/A,N/A,N/A,5.18
304,State Providence College,3.45,Bachelors,Los Angeles,N/A,0,1,N/A,1.0,Data scientist,3/19,N/A,N/A,N/A,N/A,N/A,N/A,N/A,9.97
305,State Providence College,3.45,Bachelors,Los Angeles,N/A,0,1,N/A,N/A,Data scientist,3/19,N/A,N/A,N/A,N/A,N/A,N/A,N/A,3.61
306,State Providence College,3.45,Bachelors,Los Angeles,N/A,1,0,0.0,0.0,Data scientist,3/19,N/A,N/A,N/A,N/A,N/A,N/A,N/A,4.91
307,State Providence College,3.45,Bachelors,Los Angeles,N/A,1,0,0.0,1.0,Data scientist,3/19,N/A,N/A,N/A,N/A,N/A,N/A,N/A,6.75
308,State Providence College,3.45,Bachelors,Los Angeles,N/A,1,0,0.0,N/A,Data scientist,3/19,N/A,N/A,N/A,N/A,N/A,N/A,N/A,7.42
309,State Providence College,3.45,Bachelors,Los Angeles,N/A,1,0,1.0,0.0,Data scientist,3/19,N/A,N/A,N/A,N/A,N/A,N/A,N/A,4.46
310,State Providence College,3.45,Bachelors,Los Angeles,N/A,1,0,1.0,1.0,Data scientist,3/19,N/A,N/A,N/A,N/A,N/A,N/A,N/A,9.64
311,State Providence College,3.45,Bachelors,Los Angeles,N/A,1,0,1.0,N/A,Data scientist,3/19,N/A,N/A,N/A,N/A,N/A,N/A,N/A,7.96
312,State Providence College,3.45,Bachelors,Los Angeles,N/A,1,0,N/A,0.0,Data scientist,3/19,N/A,N/A,N/A,N/A,N/A,N/A,N/A,0.06
313,State Providence College,3.45,Bachelors,Los Angeles,N/A,1,0,N/A,1.0,Data scientist,3/19,N/A,N/A,N/A,N/A,N/A,N/A,N/A,3.36
314,State Providence College,3.45,Bachelors,Los Angeles,N/A,1,0,N/A,N/A,Data scientist,3/19,N/A,N/A,N/A,N/A,N/A,N/A,N/A,5.97
315,State Providence College,3.45,Bachelors,Los Angeles,N/A,1,1,0.0,0.0,Data scientist,3/19,N/A,N/A,N/A,N/A,N/A,N/A,N/A,1.26
316,State Providence College,3.45,Bachelors,Los Angeles,N/A,1,1,0.0,1.0,Data scientist,3/19,N/A,N/A,N/A,N/A,N/A,N/A,N/A,5.82
317,State Providence College,3.45,Bachelors,Los Angeles,N/A,1,1,0.0,N/A,Data scientist,3/19,N/A,N/A,N/A,N/A,N/A,N/A,N/A,5.69
318,State Providence College,3.45,Bachelors,Los Angeles,N/A,1,1,1.0,0.0,Data scientist,3/19,N/A,N/A,N/A,N/A,N/A,N/A,N/A,2.62
319,State Providence College,3.45,Bachelors,Los Angeles,N/A,1,1,1.0,1.0,Data scientist,3/19,N/A,N/A,N/A,N/A,N/A,N/A,N/A,0.51
320,State Providence College,3.45,Bachelors,Los Angeles,N/A,1,1,1.0,N/A,Data scientist,3/19,N/A,N/A,N/A,N/A,N/A,N/A,N/A,2.44
321,State Providence College,3.45,Bachelors,Los Angeles,N/A,1,1,N/A,0.0,Data scientist,3/19,N/A,N/A,N/A,N/A,N/A,N/A,N/A,3.42
322,State Providence College,3.45,Bachelors,Los Angeles,N/A,1,1,N/A,1.0,Data scientist,3/19,N/A,N/A,N/A,N/A,N/A,N/A,N/A,6.7
323,State Providence College,3.45,Bachelors,Los Angeles,N/A,1,1,N/A,N/A,Data scientist,3/19,N/A,N/A,N/A,N/A,N/A,N/A,N/A,0.85
324,Providence School,3.37,Masters,Miami,M,0,0,0.0,0.0,Lawyer,7/19,N/A,Teaching Assistant,9/18,5/19,N/A,N/A,N/A,8.21
325,Providence School,3.37,Masters,Miami,M,0,0,0.0,1.0,Lawyer,7/19,N/A,Teaching Assistant,9/18,5/19,N/A,N/A,N/A,0.04
326,Providence School,3.37,Masters,Miami,M,0,0,0.0,N/A,Lawyer,7/19,N/A,Teaching Assistant,9/18,5/19,N/A,N/A,N/A,9.81
327,Providence School,3.37,Masters,Miami,M,0,0,1.0,0.0,Lawyer,7/19,N/A,Teaching Assistant,9/18,5/19,N/A,N/A,N/A,9.45
328,Providence School,3.37,Masters,Miami,M,0,0,1.0,1.0,Lawyer,7/19,N/A,Teaching Assistant,9/18,5/19,N/A,N/A,N/A,0.47
329,Providence School,3.37,Masters,Miami,M,0,0,1.0,N/A,Lawyer,7/19,N/A,Teaching Assistant,9/18,5/19,N/A,N/A,N/A,7.67
330,Providence School,3.37,Masters,Miami,M,0,0,N/A,0.0,Lawyer,7/19,N/A,Teaching Assistant,9/18,5/19,N/A,N/A,N/A,7.58
331,Providence School,3.37,Masters,Miami,M,0,0,N/A,1.0,Lawyer,7/19,N/A,Teaching Assistant,9/18,5/19,N/A,N/A,N/A,8.55
332,Providence School,3.37,Masters,Miami,M,0,0,N/A,N/A,Lawyer,7/19,N/A,Teaching Assistant,9/18,5/19,N/A,N/A,N/A,8.75
333,Providence School,3.37,Masters,Miami,M,0,1,0.0,0.0,Lawyer,7/19,N/A,Teaching Assistant,9/18,5/19,N/A,N/A,N/A,4.27
334,Providence School,3.37,Masters,Miami,M,0,1,0.0,1.0,Lawyer,7/19,N/A,Teaching Assistant,9/18,5/19,N/A,N/A,N/A,3.93
335,Providence School,3.37,Masters,Miami,M,0,1,0.0,N/A,Lawyer,7/19,N/A,Teaching Assistant,9/18,5/19,N/A,N/A,N/A,2.62
336,Providence School,3.37,Masters,Miami,M,0,1,1.0,0.0,Lawyer,7/19,N/A,Teaching Assistant,9/18,5/19,N/A,N/A,N/A,7.4
337,Providence School,3.37,Masters,Miami,M,0,1,1.0,1.0,Lawyer,7/19,N/A,Teaching Assistant,9/18,5/19,N/A,N/A,N/A,2.96
338,Providence School,3.37,Masters,Miami,M,0,1,1.0,N/A,Lawyer,7/19,N/A,Teaching Assistant,9/18,5/19,N/A,N/A,N/A,9.76
339,Providence School,3.37,Masters,Miami,M,0,1,N/A,0.0,Lawyer,7/19,N/A,Teaching Assistant,9/18,5/19,N/A,N/A,N/A,9.2
340,Providence School,3.37,Masters,Miami,M,0,1,N/A,1.0,Lawyer,7/19,N/A,Teaching Assistant,9/18,5/19,N/A,N/A,N/A,9.11
341,Providence School,3.37,Masters,Miami,M,0,1,N/A,N/A,Lawyer,7/19,N/A,Teaching Assistant,9/18,5/19,N/A,N/A,N/A,8.49
342,Providence School,3.37,Masters,Miami,M,1,0,0.0,0.0,Lawyer,7/19,N/A,Teaching Assistant,9/18,5/19,N/A,N/A,N/A,1.54
343,Providence School,3.37,Masters,Miami,M,1,0,0.0,1.0,Lawyer,7/19,N/A,Teaching Assistant,9/18,5/19,N/A,N/A,N/A,9.66
344,Providence School,3.37,Masters,Miami,M,1,0,0.0,N/A,Lawyer,7/19,N/A,Teaching Assistant,9/18,5/19,N/A,N/A,N/A,8.26
345,Providence School,3.37,Masters,Miami,M,1,0,1.0,0.0,Lawyer,7/19,N/A,Teaching Assistant,9/18,5/19,N/A,N/A,N/A,4.53
346,Providence School,3.37,Masters,Miami,M,1,0,1.0,1.0,Lawyer,7/19,N/A,Teaching Assistant,9/18,5/19,N/A,N/A,N/A,0.52
347,Providence School,3.37,Masters,Miami,M,1,0,1.0,N/A,Lawyer,7/19,N/A,Teaching Assistant,9/18,5/19,N/A,N/A,N/A,6.64
348,Providence School,3.37,Masters,Miami,M,1,0,N/A,0.0,Lawyer,7/19,N/A,Teaching Assistant,9/18,5/19,N/A,N/A,N/A,9.78
349,Providence School,3.37,Masters,Miami,M,1,0,N/A,1.0,Lawyer,7/19,N/A,Teaching Assistant,9/18,5/19,N/A,N/A,N/A,0.99
350,Providence School,3.37,Masters,Miami,M,1,0,N/A,N/A,Lawyer,7/19,N/A,Teaching Assistant,9/18,5/19,N/A,N/A,N/A,9.22
351,Providence School,3.37,Masters,Miami,M,1,1,0.0,0.0,Lawyer,7/19,N/A,Teaching Assistant,9/18,5/19,N/A,N/A,N/A,6.68
352,Providence School,3.37,Masters,Miami,M,1,1,0.0,1.0,Lawyer,7/19,N/A,Teaching Assistant,9/18,5/19,N/A,N/A,N/A,5.91
353,Providence School,3.37,Masters,Miami,M,1,1,0.0,N/A,Lawyer,7/19,N/A,Teaching Assistant,9/18,5/19,N/A,N/A,N/A,0.37
354,Providence School,3.37,Masters,Miami,M,1,1,1.0,0.0,Lawyer,7/19,N/A,Teaching Assistant,9/18,5/19,N/A,N/A,N/A,8.97
355,Providence School,3.37,Masters,Miami,M,1,1,1.0,1.0,Lawyer,7/19,N/A,Teaching Assistant,9/18,5/19,N/A,N/A,N/A,1.04
356,Providence School,3.37,Masters,Miami,M,1,1,1.0,N/A,Lawyer,7/19,N/A,Teaching Assistant,9/18,5/19,N/A,N/A,N/A,2.12
357,Providence School,3.37,Masters,Miami,M,1,1,N/A,0.0,Lawyer,7/19,N/A,Teaching Assistant,9/18,5/19,N/A,N/A,N/A,2.08
358,Providence School,3.37,Masters,Miami,M,1,1,N/A,1.0,Lawyer,7/19,N/A,Teaching Assistant,9/18,5/19,N/A,N/A,N/A,6.14
359,Providence School,3.37,Masters,Miami,M,1,1,N/A,N/A,Lawyer,7/19,N/A,Teaching Assistant,9/18,5/19,N/A,N/A,N/A,6.15
360,Providence School,3.37,Masters,Miami,F,0,0,0.0,0.0,Lawyer,7/19,N/A,Teaching Assistant,9/18,5/19,N/A,N/A,N/A,0.6
361,Providence School,3.37,Masters,Miami,F,0,0,0.0,1.0,Lawyer,7/19,N/A,Teaching Assistant,9/18,5/19,N/A,N/A,N/A,3.3
362,Providence School,3.37,Masters,Miami,F,0,0,0.0,N/A,Lawyer,7/19,N/A,Teaching Assistant,9/18,5/19,N/A,N/A,N/A,3.75
363,Providence School,3.37,Masters,Miami,F,0,0,1.0,0.0,Lawyer,7/19,N/A,Teaching Assistant,9/18,5/19,N/A,N/A,N/A,4.48
364,Providence School,3.37,Masters,Miami,F,0,0,1.0,1.0,Lawyer,7/19,N/A,Teaching Assistant,9/18,5/19,N/A,N/A,N/A,5.93
365,Providence School,3.37,Masters,Miami,F,0,0,1.0,N/A,Lawyer,7/19,N/A,Teaching Assistant,9/18,5/19,N/A,N/A,N/A,2.48
366,Providence School,3.37,Masters,Miami,F,0,0,N/A,0.0,Lawyer,7/19,N/A,Teaching Assistant,9/18,5/19,N/A,N/A,N/A,2.46
367,Providence School,3.37,Masters,Miami,F,0,0,N/A,1.0,Lawyer,7/19,N/A,Teaching Assistant,9/18,5/19,N/A,N/A,N/A,2.04
368,Providence School,3.37,Masters,Miami,F,0,0,N/A,N/A,Lawyer,7/19,N/A,Teaching Assistant,9/18,5/19,N/A,N/A,N/A,1.23
369,Providence School,3.37,Masters,Miami,F,0,1,0.0,0.0,Lawyer,7/19,N/A,Teaching Assistant,9/18,5/19,N/A,N/A,N/A,3.82
370,Providence School,3.37,Masters,Miami,F,0,1,0.0,1.0,Lawyer,7/19,N/A,Teaching Assistant,9/18,5/19,N/A,N/A,N/A,4.82
371,Providence School,3.37,Masters,Miami,F,0,1,0.0,N/A,Lawyer,7/19,N/A,Teaching Assistant,9/18,5/19,N/A,N/A,N/A,3.29
372,Providence School,3.37,Masters,Miami,F,0,1,1.0,0.0,Lawyer,7/19,N/A,Teaching Assistant,9/18,5/19,N/A,N/A,N/A,6.15
373,Providence School,3.37,Masters,Miami,F,0,1,1.0,1.0,Lawyer,7/19,N/A,Teaching Assistant,9/18,5/19,N/A,N/A,N/A,7.45
374,Providence School,3.37,Masters,Miami,F,0,1,1.0,N/A,Lawyer,7/19,N/A,Teaching Assistant,9/18,5/19,N/A,N/A,N/A,8.63
375,Providence School,3.37,Masters,Miami,F,0,1,N/A,0.0,Lawyer,7/19,N/A,Teaching Assistant,9/18,5/19,N/A,N/A,N/A,6.19
376,Providence School,3.37,Masters,Miami,F,0,1,N/A,1.0,Lawyer,7/19,N/A,Teaching Assistant,9/18,5/19,N/A,N/A,N/A,2.02
377,Providence School,3.37,Masters,Miami,F,0,1,N/A,N/A,Lawyer,7/19,N/A,Teaching Assistant,9/18,5/19,N/A,N/A,N/A,5.04
378,Providence School,3.37,Masters,Miami,F,1,0,0.0,0.0,Lawyer,7/19,N/A,Teaching Assistant,9/18,5/19,N/A,N/A,N/A,3.3
379,Providence School,3.37,Masters,Miami,F,1,0,0.0,1.0,Lawyer,7/19,N/A,Teaching Assistant,9/18,5/19,N/A,N/A,N/A,2.9
380,Providence School,3.37,Masters,Miami,F,1,0,0.0,N/A,Lawyer,7/19,N/A,Teaching Assistant,9/18,5/19,N/A,N/A,N/A,8.83
381,Providence School,3.37,Masters,Miami,F,1,0,1.0,0.0,Lawyer,7/19,N/A,Teaching Assistant,9/18,5/19,N/A,N/A,N/A,1.69
382,Providence School,3.37,Masters,Miami,F,1,0,1.0,1.0,Lawyer,7/19,N/A,Teaching Assistant,9/18,5/19,N/A,N/A,N/A,1.14
383,Providence School,3.37,Masters,Miami,F,1,0,1.0,N/A,Lawyer,7/19,N/A,Teaching Assistant,9/18,5/19,N/A,N/A,N/A,9.48
384,Providence School,3.37,Masters,Miami,F,1,0,N/A,0.0,Lawyer,7/19,N/A,Teaching Assistant,9/18,5/19,N/A,N/A,N/A,5.02
385,Providence School,3.37,Masters,Miami,F,1,0,N/A,1.0,Lawyer,7/19,N/A,Teaching Assistant,9/18,5/19,N/A,N/A,N/A,5.11
386,Providence School,3.37,Masters,Miami,F,1,0,N/A,N/A,Lawyer,7/19,N/A,Teaching Assistant,9/18,5/19,N/A,N/A,N/A,3.01
387,Providence School,3.37,Masters,Miami,F,1,1,0.0,0.0,Lawyer,7/19,N/A,Teaching Assistant,9/18,5/19,N/A,N/A,N/A,6.04
388,Providence School,3.37,Masters,Miami,F,1,1,0.0,1.0,Lawyer,7/19,N/A,Teaching Assistant,9/18,5/19,N/A,N/A,N/A,6.79
389,Providence School,3.37,Masters,Miami,F,1,1,0.0,N/A,Lawyer,7/19,N/A,Teaching Assistant,9/18,5/19,N/A,N/A,N/A,6.41
390,Providence School,3.37,Masters,Miami,F,1,1,1.0,0.0,Lawyer,7/19,N/A,Teaching Assistant,9/18,5/19,N/A,N/A,N/A,9.95
391,Providence School,3.37,Masters,Miami,F,1,1,1.0,1.0,Lawyer,7/19,N/A,Teaching Assistant,9/18,5/19,N/A,N/A,N/A,8.88
392,Providence School,3.37,Masters,Miami,F,1,1,1.0,N/A,Lawyer,7/19,N/A,Teaching Assistant,9/18,5/19,N/A,N/A,N/A,5.0
393,Providence School,3.37,Masters,Miami,F,1,1,N/A,0.0,Lawyer,7/19,N/A,Teaching Assistant,9/18,5/19,N/A,N/A,N/A,2.41
394,Providence School,3.37,Masters,Miami,F,1,1,N/A,1.0,Lawyer,7/19,N/A,Teaching Assistant,9/18,5/19,N/A,N/A,N/A,7.72
395,Providence School,3.37,Masters,Miami,F,1,1,N/A,N/A,Lawyer,7/19,N/A,Teaching Assistant,9/18,5/19,N/A,N/A,N/A,3.05
396,Providence School,3.37,Masters,Miami,N/A,0,0,0.0,0.0,Lawyer,7/19,N/A,Teaching Assistant,9/18,5/19,N/A,N/A,N/A,2.36
397,Providence School,3.37,Masters,Miami,N/A,0,0,0.0,1.0,Lawyer,7/19,N/A,Teaching Assistant,9/18,5/19,N/A,N/A,N/A,8.63
398,Providence School,3.37,Masters,Miami,N/A,0,0,0.0,N/A,Lawyer,7/19,N/A,Teaching Assistant,9/18,5/19,N/A,N/A,N/A,3.24
399,Providence School,3.37,Masters,Miami,N/A,0,0,1.0,0.0,Lawyer,7/19,N/A,Teaching Assistant,9/18,5/19,N/A,N/A,N/A,3.92
400,Providence School,3.37,Masters,Miami,N/A,0,0,1.0,1.0,Lawyer,7/19,N/A,Teaching Assistant,9/18,5/19,N/A,N/A,N/A,8.9
401,Providence School,3.37,Masters,Miami,N/A,0,0,1.0,N/A,Lawyer,7/19,N/A,Teaching Assistant,9/18,5/19,N/A,N/A,N/A,6.65
402,Providence School,3.37,Masters,Miami,N/A,0,0,N/A,0.0,Lawyer,7/19,N/A,Teaching Assistant,9/18,5/19,N/A,N/A,N/A,0.04
403,Providence School,3.37,Masters,Miami,N/A,0,0,N/A,1.0,Lawyer,7/19,N/A,Teaching Assistant,9/18,5/19,N/A,N/A,N/A,7.29
404,Providence School,3.37,Masters,Miami,N/A,0,0,N/A,N/A,Lawyer,7/19,N/A,Teaching Assistant,9/18,5/19,N/A,N/A,N/A,1.51
405,Providence School,3.37,Masters,Miami,N/A,0,1,0.0,0.0,Lawyer,7/19,N/A,Teaching Assistant,9/18,5/19,N/A,N/A,N/A,0.66
406,Providence School,3.37,Masters,Miami,N/A,0,1,0.0,1.0,Lawyer,7/19,N/A,Teaching Assistant,9/18,5/19,N/A,N/A,N/A,8.96
407,Providence School,3.37,Masters,Miami,N/A,0,1,0.0,N/A,Lawyer,7/19,N/A,Teaching Assistant,9/18,5/19,N/A,N/A,N/A,5.74
408,Providence School,3.37,Masters,Miami,N/A,0,1,1.0,0.0,Lawyer,7/19,N/A,Teaching Assistant,9/18,5/19,N/A,N/A,N/A,6.22
409,Providence School,3.37,Masters,Miami,N/A,0,1,1.0,1.0,Lawyer,7/19,N/A,Teaching Assistant,9/18,5/19,N/A,N/A,N/A,6.36
410,Providence School,3.37,Masters,Miami,N/A,0,1,1.0,N/A,Lawyer,7/19,N/A,Teaching Assistant,9/18,5/19,N/A,N/A,N/A,4.99
411,Providence School,3.37,Masters,Miami,N/A,0,1,N/A,0.0,Lawyer,7/19,N/A,Teaching Assistant,9/18,5/19,N/A,N/A,N/A,2.26
412,Providence School,3.37,Masters,Miami,N/A,0,1,N/A,1.0,Lawyer,7/19,N/A,Teaching Assistant,9/18,5/19,N/A,N/A,N/A,2.64
413,Providence School,3.37,Masters,Miami,N/A,0,1,N/A,N/A,Lawyer,7/19,N/A,Teaching Assistant,9/18,5/19,N/A,N/A,N/A,0.41
414,Providence School,3.37,Masters,Miami,N/A,1,0,0.0,0.0,Lawyer,7/19,N/A,Teaching Assistant,9/18,5/19,N/A,N/A,N/A,2.49
415,Providence School,3.37,Masters,Miami,N/A,1,0,0.0,1.0,Lawyer,7/19,N/A,Teaching Assistant,9/18,5/19,N/A,N/A,N/A,4.81
416,Providence School,3.37,Masters,Miami,N/A,1,0,0.0,N/A,Lawyer,7/19,N/A,Teaching Assistant,9/18,5/19,N/A,N/A,N/A,4.15
417,Providence School,3.37,Masters,Miami,N/A,1,0,1.0,0.0,Lawyer,7/19,N/A,Teaching Assistant,9/18,5/19,N/A,N/A,N/A,2.54
418,Providence School,3.37,Masters,Miami,N/A,1,0,1.0,1.0,Lawyer,7/19,N/A,Teaching Assistant,9/18,5/19,N/A,N/A,N/A,3.46
419,Providence School,3.37,Masters,Miami,N/A,1,0,1.0,N/A,Lawyer,7/19,N/A,Teaching Assistant,9/18,5/19,N/A,N/A,N/A,5.5
420,Providence School,3.37,Masters,Miami,N/A,1,0,N/A,0.0,Lawyer,7/19,N/A,Teaching Assistant,9/18,5/19,N/A,N/A,N/A,8.98
421,Providence School,3.37,Masters,Miami,N/A,1,0,N/A,1.0,Lawyer,7/19,N/A,Teaching Assistant,9/18,5/19,N/A,N/A,N/A,7.91
422,Providence School,3.37,Masters,Miami,N/A,1,0,N/A,N/A,Lawyer,7/19,N/A,Teaching Assistant,9/18,5/19,N/A,N/A,N/A,9.75
423,Providence School,3.37,Masters,Miami,N/A,1,1,0.0,0.0,Lawyer,7/19,N/A,Teaching Assistant,9/18,5/19,N/A,N/A,N/A,0.29
424,Providence School,3.37,Masters,Miami,N/A,1,1,0.0,1.0,Lawyer,7/19,N/A,Teaching Assistant,9/18,5/19,N/A,N/A,N/A,4.7
425,Providence School,3.37,Masters,Miami,N/A,1,1,0.0,N/A,Lawyer,7/19,N/A,Teaching Assistant,9/18,5/19,N/A,N/A,N/A,5.66
426,Providence School,3.37,Masters,Miami,N/A,1,1,1.0,0.0,Lawyer,7/19,N/A,Teaching Assistant,9/18,5/19,N/A,N/A,N/A,0.18
427,Providence School,3.37,Masters,Miami,N/A,1,1,1.0,1.0,Lawyer,7/19,N/A,Teaching Assistant,9/18,5/19,N/A,N/A,N/A,8.07
428,Providence School,3.37,Masters,Miami,N/A,1,1,1.0,N/A,Lawyer,7/19,N/A,Teaching Assistant,9/18,5/19,N/A,N/A,N/A,2.08
429,Providence School,3.37,Masters,Miami,N/A,1,1,N/A,0.0,Lawyer,7/19,N/A,Teaching Assistant,9/18,5/19,N/A,N/A,N/A,4.67
430,Providence School,3.37,Masters,Miami,N/A,1,1,N/A,1.0,Lawyer,7/19,N/A,Teaching Assistant,9/18,5/19,N/A,N/A,N/A,3.69
431,Providence School,3.37,Masters,Miami,N/A,1,1,N/A,N/A,Lawyer,7/19,N/A,Teaching Assistant,9/18,5/19,N/A,N/A,N/A,3.05
432,State Providence College,3.03,Bachelors,Chicago,M,0,0,0.0,0.0,ML Engineer,5/21,6/23,N/A,N/A,N/A,N/A,N/A,N/A,4.58
433,State Providence College,3.03,Bachelors,Chicago,M,0,0,0.0,1.0,ML Engineer,5/21,6/23,N/A,N/A,N/A,N/A,N/A,N/A,1.06
434,State Providence College,3.03,Bachelors,Chicago,M,0,0,0.0,N/A,ML Engineer,5/21,6/23,N/A,N/A,N/A,N/A,N/A,N/A,3.21
435,State Providence College,3.03,Bachelors,Chicago,M,0,0,1.0,0.0,ML Engineer,5/21,6/23,N/A,N/A,N/A,N/A,N/A,N/A,2.42
436,State Providence College,3.03,Bachelors,Chicago,M,0,0,1.0,1.0,ML Engineer,5/21,6/23,N/A,N/A,N/A,N/A,N/A,N/A,2.62
437,State Providence College,3.03,Bachelors,Chicago,M,0,0,1.0,N/A,ML Engineer,5/21,6/23,N/A,N/A,N/A,N/A,N/A,N/A,8.36
438,State Providence College,3.03,Bachelors,Chicago,M,0,0,N/A,0.0,ML Engineer,5/21,6/23,N/A,N/A,N/A,N/A,N/A,N/A,6.75
439,State Providence College,3.03,Bachelors,Chicago,M,0,0,N/A,1.0,ML Engineer,5/21,6/23,N/A,N/A,N/A,N/A,N/A,N/A,4.16
440,State Providence College,3.03,Bachelors,Chicago,M,0,0,N/A,N/A,ML Engineer,5/21,6/23,N/A,N/A,N/A,N/A,N/A,N/A,0.23
441,State Providence College,3.03,Bachelors,Chicago,M,0,1,0.0,0.0,ML Engineer,5/21,6/23,N/A,N/A,N/A,N/A,N/A,N/A,8.95
442,State Providence College,3.03,Bachelors,Chicago,M,0,1,0.0,1.0,ML Engineer,5/21,6/23,N/A,N/A,N/A,N/A,N/A,N/A,8.93
443,State Providence College,3.03,Bachelors,Chicago,M,0,1,0.0,N/A,ML Engineer,5/21,6/23,N/A,N/A,N/A,N/A,N/A,N/A,3.23
444,State Providence College,3.03,Bachelors,Chicago,M,0,1,1.0,0.0,ML Engineer,5/21,6/23,N/A,N/A,N/A,N/A,N/A,N/A,1.75
445,State Providence College,3.03,Bachelors,Chicago,M,0,1,1.0,1.0,ML Engineer,5/21,6/23,N/A,N/A,N/A,N/A,N/A,N/A,9.53
446,State Providence College,3.03,Bachelors,Chicago,M,0,1,1.0,N/A,ML Engineer,5/21,6/23,N/A,N/A,N/A,N/A,N/A,N/A,1.8
447,State Providence College,3.03,Bachelors,Chicago,M,0,1,N/A,0.0,ML Engineer,5/21,6/23,N/A,N/A,N/A,N/A,N/A,N/A,2.71
448,State Providence College,3.03,Bachelors,Chicago,M,0,1,N/A,1.0,ML Engineer,5/21,6/23,N/A,N/A,N/A,N/A,N/A,N/A,6.05
449,State Providence College,3.03,Bachelors,Chicago,M,0,1,N/A,N/A,ML Engineer,5/21,6/23,N/A,N/A,N/A,N/A,N/A,N/A,9.09
450,State Providence College,3.03,Bachelors,Chicago,M,1,0,0.0,0.0,ML Engineer,5/21,6/23,N/A,N/A,N/A,N/A,N/A,N/A,5.13
451,State Providence College,3.03,Bachelors,Chicago,M,1,0,0.0,1.0,ML Engineer,5/21,6/23,N/A,N/A,N/A,N/A,N/A,N/A,7.6
452,State Providence College,3.03,Bachelors,Chicago,M,1,0,0.0,N/A,ML Engineer,5/21,6/23,N/A,N/A,N/A,N/A,N/A,N/A,7.37
453,State Providence College,3.03,Bachelors,Chicago,M,1,0,1.0,0.0,ML Engineer,5/21,6/23,N/A,N/A,N/A,N/A,N/A,N/A,1.93
454,State Providence College,3.03,Bachelors,Chicago,M,1,0,1.0,1.0,ML Engineer,5/21,6/23,N/A,N/A,N/A,N/A,N/A,N/A,7.37
455,State Providence College,3.03,Bachelors,Chicago,M,1,0,1.0,N/A,ML Engineer,5/21,6/23,N/A,N/A,N/A,N/A,N/A,N/A,5.35
456,State Providence College,3.03,Bachelors,Chicago,M,1,0,N/A,0.0,ML Engineer,5/21,6/23,N/A,N/A,N/A,N/A,N/A,N/A,9.63
457,State Providence College,3.03,Bachelors,Chicago,M,1,0,N/A,1.0,ML Engineer,5/21,6/23,N/A,N/A,N/A,N/A,N/A,N/A,5.95
458,State Providence College,3.03,Bachelors,Chicago,M,1,0,N/A,N/A,ML Engineer,5/21,6/23,N/A,N/A,N/A,N/A,N/A,N/A,3.53
459,State Providence College,3.03,Bachelors,Chicago,M,1,1,0.0,0.0,ML Engineer,5/21,6/23,N/A,N/A,N/A,N/A,N/A,N/A,9.84
460,State Providence College,3.03,Bachelors,Chicago,M,1,1,0.0,1.0,ML Engineer,5/21,6/23,N/A,N/A,N/A,N/A,N/A,N/A,0.26
461,State Providence College,3.03,Bachelors,Chicago,M,1,1,0.0,N/A,ML Engineer,5/21,6/23,N/A,N/A,N/A,N/A,N/A,N/A,4.88
462,State Providence College,3.03,Bachelors,Chicago,M,1,1,1.0,0.0,ML Engineer,5/21,6/23,N/A,N/A,N/A,N/A,N/A,N/A,5.43
463,State Providence College,3.03,Bachelors,Chicago,M,1,1,1.0,1.0,ML Engineer,5/21,6/23,N/A,N/A,N/A,N/A,N/A,N/A,7.84
464,State Providence College,3.03,Bachelors,Chicago,M,1,1,1.0,N/A,ML Engineer,5/21,6/23,N/A,N/A,N/A,N/A,N/A,N/A,1.83
465,State Providence College,3.03,Bachelors,Chicago,M,1,1,N/A,0.0,ML Engineer,5/21,6/23,N/A,N/A,N/A,N/A,N/A,N/A,4.22
466,State Providence College,3.03,Bachelors,Chicago,M,1,1,N/A,1.0,ML Engineer,5/21,6/23,N/A,N/A,N/A,N/A,N/A,N/A,4.6
467,State Providence College,3.03,Bachelors,Chicago,M,1,1,N/A,N/A,ML Engineer,5/21,6/23,N/A,N/A,N/A,N/A,N/A,N/A,3.76
468,State Providence College,3.03,Bachelors,Chicago,F,0,0,0.0,0.0,ML Engineer,5/21,6/23,N/A,N/A,N/A,N/A,N/A,N/A,5.03
469,State Providence College,3.03,Bachelors,Chicago,F,0,0,0.0,1.0,ML Engineer,5/21,6/23,N/A,N/A,N/A,N/A,N/A,N/A,7.0
470,State Providence College,3.03,Bachelors,Chicago,F,0,0,0.0,N/A,ML Engineer,5/21,6/23,N/A,N/A,N/A,N/A,N/A,N/A,4.58
471,State Providence College,3.03,Bachelors,Chicago,F,0,0,1.0,0.0,ML Engineer,5/21,6/23,N/A,N/A,N/A,N/A,N/A,N/A,2.8
472,State Providence College,3.03,Bachelors,Chicago,F,0,0,1.0,1.0,ML Engineer,5/21,6/23,N/A,N/A,N/A,N/A,N/A,N/A,2.64
473,State Providence College,3.03,Bachelors,Chicago,F,0,0,1.0,N/A,ML Engineer,5/21,6/23,N/A,N/A,N/A,N/A,N/A,N/A,1.94
474,State Providence College,3.03,Bachelors,Chicago,F,0,0,N/A,0.0,ML Engineer,5/21,6/23,N/A,N/A,N/A,N/A,N/A,N/A,2.41
475,State Providence College,3.03,Bachelors,Chicago,F,0,0,N/A,1.0,ML Engineer,5/21,6/23,N/A,N/A,N/A,N/A,N/A,N/A,9.24
476,State Providence College,3.03,Bachelors,Chicago,F,0,0,N/A,N/A,ML Engineer,5/21,6/23,N/A,N/A,N/A,N/A,N/A,N/A,5.37
477,State Providence College,3.03,Bachelors,Chicago,F,0,1,0.0,0.0,ML Engineer,5/21,6/23,N/A,N/A,N/A,N/A,N/A,N/A,6.1
478,State Providence College,3.03,Bachelors,Chicago,F,0,1,0.0,1.0,ML Engineer,5/21,6/23,N/A,N/A,N/A,N/A,N/A,N/A,0.68
479,State Providence College,3.03,Bachelors,Chicago,F,0,1,0.0,N/A,ML Engineer,5/21,6/23,N/A,N/A,N/A,N/A,N/A,N/A,2.28
480,State Providence College,3.03,Bachelors,Chicago,F,0,1,1.0,0.0,ML Engineer,5/21,6/23,N/A,N/A,N/A,N/A,N/A,N/A,8.88
481,State Providence College,3.03,Bachelors,Chicago,F,0,1,1.0,1.0,ML Engineer,5/21,6/23,N/A,N/A,N/A,N/A,N/A,N/A,1.78
482,State Providence College,3.03,Bachelors,Chicago,F,0,1,1.0,N/A,ML Engineer,5/21,6/23,N/A,N/A,N/A,N/A,N/A,N/A,2.73
483,State Providence College,3.03,Bachelors,Chicago,F,0,1,N/A,0.0,ML Engineer,5/21,6/23,N/A,N/A,N/A,N/A,N/A,N/A,3.06
484,State Providence College,3.03,Bachelors,Chicago,F,0,1,N/A,1.0,ML Engineer,5/21,6/23,N/A,N/A,N/A,N/A,N/A,N/A,0.05
485,State Providence College,3.03,Bachelors,Chicago,F,0,1,N/A,N/A,ML Engineer,5/21,6/23,N/A,N/A,N/A,N/A,N/A,N/A,9.08
486,State Providence College,3.03,Bachelors,Chicago,F,1,0,0.0,0.0,ML Engineer,5/21,6/23,N/A,N/A,N/A,N/A,N/A,N/A,3.66
487,State Providence College,3.03,Bachelors,Chicago,F,1,0,0.0,1.0,ML Engineer,5/21,6/23,N/A,N/A,N/A,N/A,N/A,N/A,3.33
488,State Providence College,3.03,Bachelors,Chicago,F,1,0,0.0,N/A,ML Engineer,5/21,6/23,N/A,N/A,N/A,N/A,N/A,N/A,2.52
489,State Providence College,3.03,Bachelors,Chicago,F,1,0,1.0,0.0,ML Engineer,5/21,6/23,N/A,N/A,N/A,N/A,N/A,N/A,4.5
490,State Providence College,3.03,Bachelors,Chicago,F,1,0,1.0,1.0,ML Engineer,5/21,6/23,N/A,N/A,N/A,N/A,N/A,N/A,0.5
491,State Providence College,3.03,Bachelors,Chicago,F,1,0,1.0,N/A,ML Engineer,5/21,6/23,N/A,N/A,N/A,N/A,N/A,N/A,3.84
492,State Providence College,3.03,Bachelors,Chicago,F,1,0,N/A,0.0,ML Engineer,5/21,6/23,N/A,N/A,N/A,N/A,N/A,N/A,6.68
493,State Providence College,3.03,Bachelors,Chicago,F,1,0,N/A,1.0,ML Engineer,5/21,6/23,N/A,N/A,N/A,N/A,N/A,N/A,9.97
494,State Providence College,3.03,Bachelors,Chicago,F,1,0,N/A,N/A,ML Engineer,5/21,6/23,N/A,N/A,N/A,N/A,N/A,N/A,8.37
495,State Providence College,3.03,Bachelors,Chicago,F,1,1,0.0,0.0,ML Engineer,5/21,6/23,N/A,N/A,N/A,N/A,N/A,N/A,7.99
496,State Providence College,3.03,Bachelors,Chicago,F,1,1,0.0,1.0,ML Engineer,5/21,6/23,N/A,N/A,N/A,N/A,N/A,N/A,6.56
497,State Providence College,3.03,Bachelors,Chicago,F,1,1,0.0,N/A,ML Engineer,5/21,6/23,N/A,N/A,N/A,N/A,N/A,N/A,4.55
498,State Providence College,3.03,Bachelors,Chicago,F,1,1,1.0,0.0,ML Engineer,5/21,6/23,N/A,N/A,N/A,N/A,N/A,N/A,3.8
499,State Providence College,3.03,Bachelors,Chicago,F,1,1,1.0,1.0,ML Engineer,5/21,6/23,N/A,N/A,N/A,N/A,N/A,N/A,3.78
500,State Providence College,3.03,Bachelors,Chicago,F,1,1,1.0,N/A,ML Engineer,5/21,6/23,N/A,N/A,N/A,N/A,N/A,N/A,8.87
501,State Providence College,3.03,Bachelors,Chicago,F,1,1,N/A,0.0,ML Engineer,5/21,6/23,N/A,N/A,N/A,N/A,N/A,N/A,7.94
502,State Providence College,3.03,Bachelors,Chicago,F,1,1,N/A,1.0,ML Engineer,5/21,6/23,N/A,N/A,N/A,N/A,N/A,N/A,1.53
503,State Providence College,3.03,Bachelors,Chicago,F,1,1,N/A,N/A,ML Engineer,5/21,6/23,N/A,N/A,N/A,N/A,N/A,N/A,8.79
504,State Providence College,3.03,Bachelors,Chicago,N/A,0,0,0.0,0.0,ML Engineer,5/21,6/23,N/A,N/A,N/A,N/A,N/A,N/A,5.56
505,State Providence College,3.03,Bachelors,Chicago,N/A,0,0,0.0,1.0,ML Engineer,5/21,6/23,N/A,N/A,N/A,N/A,N/A,N/A,0.52
506,State Providence College,3.03,Bachelors,Chicago,N/A,0,0,0.0,N/A,ML Engineer,5/21,6/23,N/A,N/A,N/A,N/A,N/A,N/A,3.92
507,State Providence College,3.03,Bachelors,Chicago,N/A,0,0,1.0,0.0,ML Engineer,5/21,6/23,N/A,N/A,N/A,N/A,N/A,N/A,0.46
508,State Providence College,3.03,Bachelors,Chicago,N/A,0,0,1.0,1.0,ML Engineer,5/21,6/23,N/A,N/A,N/A,N/A,N/A,N/A,6.83
509,State Providence College,3.03,Bachelors,Chicago,N/A,0,0,1.0,N/A,ML Engineer,5/21,6/23,N/A,N/A,N/A,N/A,N/A,N/A,5.35
510,State Providence College,3.03,Bachelors,Chicago,N/A,0,0,N/A,0.0,ML Engineer,5/21,6/23,N/A,N/A,N/A,N/A,N/A,N/A,7.93
511,State Providence College,3.03,Bachelors,Chicago,N/A,0,0,N/A,1.0,ML Engineer,5/21,6/23,N/A,N/A,N/A,N/A,N/A,N/A,4.22
512,State Providence College,3.03,Bachelors,Chicago,N/A,0,0,N/A,N/A,ML Engineer,5/21,6/23,N/A,N/A,N/A,N/A,N/A,N/A,9.14
513,State Providence College,3.03,Bachelors,Chicago,N/A,0,1,0.0,0.0,ML Engineer,5/21,6/23,N/A,N/A,N/A,N/A,N/A,N/A,7.8
514,State Providence College,3.03,Bachelors,Chicago,N/A,0,1,0.0,1.0,ML Engineer,5/21,6/23,N/A,N/A,N/A,N/A,N/A,N/A,1.76
515,State Providence College,3.03,Bachelors,Chicago,N/A,0,1,0.0,N/A,ML Engineer,5/21,6/23,N/A,N/A,N/A,N/A,N/A,N/A,8.88
516,State Providence College,3.03,Bachelors,Chicago,N/A,0,1,1.0,0.0,ML Engineer,5/21,6/23,N/A,N/A,N/A,N/A,N/A,N/A,9.82
517,State Providence College,3.03,Bachelors,Chicago,N/A,0,1,1.0,1.0,ML Engineer,5/21,6/23,N/A,N/A,N/A,N/A,N/A,N/A,6.76
518,State Providence College,3.03,Bachelors,Chicago,N/A,0,1,1.0,N/A,ML Engineer,5/21,6/23,N/A,N/A,N/A,N/A,N/A,N/A,2.94
519,State Providence College,3.03,Bachelors,Chicago,N/A,0,1,N/A,0.0,ML Engineer,5/21,6/23,N/A,N/A,N/A,N/A,N/A,N/A,7.47
520,State Providence College,3.03,Bachelors,Chicago,N/A,0,1,N/A,1.0,ML Engineer,5/21,6/23,N/A,N/A,N/A,N/A,N/A,N/A,8.86
521,State Providence College,3.03,Bachelors,Chicago,N/A,0,1,N/A,N/A,ML Engineer,5/21,6/23,N/A,N/A,N/A,N/A,N/A,N/A,2.86
522,State Providence College,3.03,Bachelors,Chicago,N/A,1,0,0.0,0.0,ML Engineer,5/21,6/23,N/A,N/A,N/A,N/A,N/A,N/A,4.08
523,State Providence College,3.03,Bachelors,Chicago,N/A,1,0,0.0,1.0,ML Engineer,5/21,6/23,N/A,N/A,N/A,N/A,N/A,N/A,2.29
524,State Providence College,3.03,Bachelors,Chicago,N/A,1,0,0.0,N/A,ML Engineer,5/21,6/23,N/A,N/A,N/A,N/A,N/A,N/A,2.02
525,State Providence College,3.03,Bachelors,Chicago,N/A,1,0,1.0,0.0,ML Engineer,5/21,6/23,N/A,N/A,N/A,N/A,N/A,N/A,0.04
526,State Providence College,3.03,Bachelors,Chicago,N/A,1,0,1.0,1.0,ML Engineer,5/21,6/23,N/A,N/A,N/A,N/A,N/A,N/A,0.65
527,State Providence College,3.03,Bachelors,Chicago,N/A,1,0,1.0,N/A,ML Engineer,5/21,6/23,N/A,N/A,N/A,N/A,N/A,N/A,0.04
528,State Providence College,3.03,Bachelors,Chicago,N/A,1,0,N/A,0.0,ML Engineer,5/21,6/23,N/A,N/A,N/A,N/A,N/A,N/A,6.97
529,State Providence College,3.03,Bachelors,Chicago,N/A,1,0,N/A,1.0,ML Engineer,5/21,6/23,N/A,N/A,N/A,N/A,N/A,N/A,1.12
530,State Providence College,3.03,Bachelors,Chicago,N/A,1,0,N/A,N/A,ML Engineer,5/21,6/23,N/A,N/A,N/A,N/A,N/A,N/A,4.28
531,State Providence College,3.03,Bachelors,Chicago,N/A,1,1,0.0,0.0,ML Engineer,5/21,6/23,N/A,N/A,N/A,N/A,N/A,N/A,9.23
532,State Providence College,3.03,Bachelors,Chicago,N/A,1,1,0.0,1.0,ML Engineer,5/21,6/23,N/A,N/A,N/A,N/A,N/A,N/A,7.82
533,State Providence College,3.03,Bachelors,Chicago,N/A,1,1,0.0,N/A,ML Engineer,5/21,6/23,N/A,N/A,N/A,N/A,N/A,N/A,8.98
534,State Providence College,3.03,Bachelors,Chicago,N/A,1,1,1.0,0.0,ML Engineer,5/21,6/23,N/A,N/A,N/A,N/A,N/A,N/A,0.68
535,State Providence College,3.03,Bachelors,Chicago,N/A,1,1,1.0,1.0,ML Engineer,5/21,6/23,N/A,N/A,N/A,N/A,N/A,N/A,8.65
536,State Providence College,3.03,Bachelors,Chicago,N/A,1,1,1.0,N/A,ML Engineer,5/21,6/23,N/A,N/A,N/A,N/A,N/A,N/A,3.23
537,State Providence College,3.03,Bachelors,Chicago,N/A,1,1,N/A,0.0,ML Engineer,5/21,6/23,N/A,N/A,N/A,N/A,N/A,N/A,4.01
538,State Providence College,3.03,Bachelors,Chicago,N/A,1,1,N/A,1.0,ML Engineer,5/21,6/23,N/A,N/A,N/A,N/A,N/A,N/A,4.92
539,State Providence College,3.03,Bachelors,Chicago,N/A,1,1,N/A,N/A,ML Engineer,5/21,6/23,N/A,N/A,N/A,N/A,N/A,N/A,2.1